forecast_time_epoch,forecast_time,forecast_temp_c,forecast_temp_f,forecast_is_day,forecast_condition,forecast_wind_mph,forecast_wind_kph,forecast_wind_degree,forecast_wind_dir,forecast_pressure_mb,forecast_pressure_in,forecast_precip_mm,forecast_precip_in,forecast_snow_cm,forecast_humidity,forecast_cloud,forecast_feelslike_c,forecast_feelslike_f,forecast_windchill_c,forecast_windchill_f,forecast_heatindex_c,forecast_heatindex_f,forecast_dewpoint_c,forecast_dewpoint_f,forecast_will_it_rain,forecast_chance_of_rain,forecast_will_it_snow,forecast_chance_of_snow,forecast_vis_km,forecast_vis_miles,forecast_gust_mph,forecast_gust_kph,forecast_uv
1739898000,2025-02-18 14:00,22.7,72.8,1,Sunny,4.3,6.8,325,NW,1017.0,30.02,0.0,0.0,0.0,24,3,22.9,73.2,22.7,72.8,22.9,73.2,1.1,33.9,0,0,0,0,10.0,6.0,4.9,7.9,10.0
1739901600,2025-02-18 15:00,23.2,73.8,1,Sunny,4.3,6.8,300,WNW,1016.0,29.99,0.0,0.0,0.0,22,6,23.0,73.3,23.2,73.8,23.0,73.3,0.5,32.8,0,0,0,0,10.0,6.0,4.9,7.9,7.8
1739905200,2025-02-18 16:00,22.6,72.7,1,Sunny,4.5,7.2,307,NW,1015.0,29.96,0.0,0.0,0.0,22,4,22.7,72.9,22.6,72.7,22.7,72.9,0.2,32.3,0,0,0,0,10.0,6.0,5.3,8.6,5.0
1739908800,2025-02-18 17:00,23.1,73.6,1,Sunny,3.1,5.0,275,W,1014.0,29.94,0.0,0.0,0.0,22,7,22.9,73.2,23.1,73.6,22.9,73.2,0.3,32.5,0,0,0,0,10.0,6.0,3.7,5.9,2.4
1739912400,2025-02-18 18:00,21.9,71.4,1,Sunny,2.2,3.6,202,SSW,1014.0,29.93,0.0,0.0,0.0,28,11,21.9,71.3,21.9,71.3,23.1,73.5,2.8,37.0,0,0,0,0,10.0,6.0,3.2,5.2,0.8
1739916000,2025-02-18 19:00,20.4,68.7,1,Sunny,2.7,4.3,144,SE,1013.0,29.92,0.0,0.0,0.0,33,9,20.4,68.7,20.4,68.7,20.4,68.7,3.5,38.3,0,0,0,0,10.0,6.0,4.6,7.5,0.1
1739919600,2025-02-18 20:00,18.0,64.3,0,Clear ,3.8,6.1,92,E,1014.0,29.93,0.0,0.0,0.0,34,7,18.0,64.3,18.0,64.3,18.0,64.3,1.8,35.3,0,0,0,0,10.0,6.0,8.0,12.9,0.0
1739923200,2025-02-18 21:00,16.7,62.1,0,Clear ,5.4,8.6,62,ENE,1014.0,29.94,0.0,0.0,0.0,36,12,16.7,62.1,16.7,62.1,16.7,62.1,1.5,34.7,0,0,0,0,10.0,6.0,11.3,18.1,0.0
1739926800,2025-02-18 22:00,16.1,61.0,0,Partly Cloudy ,5.4,8.6,57,ENE,1014.0,29.95,0.0,0.0,0.0,37,33,16.1,61.0,16.1,61.0,16.1,61.0,1.6,34.8,0,0,0,0,10.0,6.0,11.3,18.1,0.0
1739930400,2025-02-18 23:00,15.8,60.5,0,Partly Cloudy ,5.6,9.0,65,ENE,1014.0,29.95,0.0,0.0,0.0,39,49,15.8,60.5,15.8,60.5,15.8,60.5,2.1,35.8,0,0,0,0,10.0,6.0,11.7,18.9,0.0
1739934000,2025-02-19 00:00,15.4,59.7,0,Partly Cloudy ,6.0,9.7,60,ENE,1014.0,29.93,0.0,0.0,0.0,43,30,15.4,59.7,15.4,59.7,15.4,59.7,3.1,37.5,0,0,0,0,10.0,6.0,12.7,20.4,0.0
1739937600,2025-02-19 01:00,14.9,58.8,0,Clear ,6.3,10.1,52,NE,1013.0,29.92,0.0,0.0,0.0,50,7,14.5,58.0,14.5,58.0,14.9,58.8,4.5,40.0,0,0,0,0,10.0,6.0,13.2,21.2,0.0
1739941200,2025-02-19 02:00,14.9,58.7,0,Clear ,5.1,8.3,46,NE,1013.0,29.92,0.0,0.0,0.0,56,3,14.7,58.4,14.7,58.4,14.9,58.7,6.1,43.0,0,0,0,0,10.0,6.0,10.8,17.4,0.0
1739944800,2025-02-19 03:00,14.9,58.8,0,Clear ,5.6,9.0,36,NE,1013.0,29.91,0.0,0.0,0.0,64,3,14.6,58.3,14.6,58.3,14.9,58.8,8.1,46.5,0,0,0,0,10.0,6.0,11.7,18.9,0.0
1739948400,2025-02-19 04:00,14.9,58.8,0,Clear ,6.3,10.1,27,NNE,1012.0,29.89,0.0,0.0,0.0,71,4,14.5,58.0,14.5,58.0,14.9,58.8,9.7,49.4,0,0,0,0,10.0,6.0,13.2,21.2,0.0
1739952000,2025-02-19 05:00,14.9,58.7,0,Clear ,6.3,10.1,29,NNE,1012.0,29.89,0.0,0.0,0.0,73,5,14.4,58.0,14.4,58.0,14.9,58.7,10.2,50.3,0,0,0,0,10.0,6.0,13.2,21.2,0.0
1739955600,2025-02-19 06:00,14.9,58.8,0,Clear ,6.5,10.4,18,NNE,1012.0,29.89,0.0,0.0,0.0,74,5,14.4,57.9,14.4,57.9,14.9,58.8,10.3,50.5,0,0,0,0,10.0,6.0,13.6,21.9,0.0
1739959200,2025-02-19 07:00,15.4,59.7,1,Sunny,6.7,10.8,3,N,1012.0,29.9,0.0,0.0,0.0,73,7,15.4,59.7,15.4,59.7,15.4,59.7,10.6,51.0,0,0,0,0,10.0,6.0,14.1,22.7,0.2
1739962800,2025-02-19 08:00,18.6,65.5,1,Sunny,6.9,11.2,355,N,1013.0,29.91,0.0,0.0,0.0,61,7,18.6,65.5,18.6,65.5,18.6,65.5,11.1,51.9,0,0,0,0,10.0,6.0,10.2,16.5,1.1
1739966400,2025-02-19 09:00,21.6,70.9,1,Sunny,8.7,14.0,347,NNW,1013.0,29.91,0.0,0.0,0.0,46,7,21.6,70.9,21.6,70.9,24.2,75.6,9.7,49.4,0,0,0,0,10.0,6.0,10.2,16.5,2.9
1739970000,2025-02-19 10:00,24.2,75.5,1,Sunny,8.7,14.0,347,NNW,1013.0,29.91,0.0,0.0,0.0,38,7,24.7,76.5,24.2,75.5,24.7,76.5,8.8,47.9,0,0,0,0,10.0,6.0,10.0,16.2,5.5
1739973600,2025-02-19 11:00,26.4,79.6,1,Sunny,8.3,13.3,337,NNW,1013.0,29.9,0.0,0.0,0.0,32,6,25.9,78.5,26.4,79.6,25.9,78.5,8.6,47.5,0,0,0,0,10.0,6.0,9.5,15.3,8.4
1739977200,2025-02-19 12:00,28.2,82.7,1,Sunny,7.4,11.9,327,NNW,1012.0,29.89,0.0,0.0,0.0,28,5,26.9,80.5,28.2,82.7,26.9,80.5,7.9,46.3,0,0,0,0,10.0,6.0,8.5,13.7,10.4
1739980800,2025-02-19 13:00,29.5,85.1,1,Sunny,5.8,9.4,328,NNW,1012.0,29.87,0.0,0.0,0.0,24,5,27.8,82.0,29.5,85.1,27.8,82.0,7.0,44.6,0,0,0,0,10.0,6.0,6.7,10.8,11.3
1739984400,2025-02-19 14:00,30.6,87.1,1,Sunny,5.1,8.3,335,NNW,1011.0,29.85,0.0,0.0,0.0,22,4,28.6,83.4,30.6,87.1,28.6,83.4,6.5,43.6,0,0,0,0,10.0,6.0,5.9,9.5,10.3
1739988000,2025-02-19 15:00,31.2,88.2,1,Sunny,5.1,8.3,357,N,1010.0,29.83,0.0,0.0,0.0,21,4,29.1,84.3,31.2,88.2,29.1,84.3,6.3,43.4,0,0,0,0,10.0,6.0,5.9,9.5,8.0
1739991600,2025-02-19 16:00,31.3,88.4,1,Sunny,6.0,9.7,16,NNE,1009.0,29.81,0.0,0.0,0.0,21,3,29.2,84.5,31.3,88.4,29.2,84.5,6.3,43.4,0,0,0,0,10.0,6.0,7.0,11.2,5.1
1739995200,2025-02-19 17:00,31.0,87.8,1,Sunny,6.9,11.2,34,NE,1009.0,29.79,0.0,0.0,0.0,21,3,28.9,84.1,31.0,87.8,28.9,84.1,6.4,43.6,0,0,0,0,10.0,6.0,8.0,12.9,2.5
1739998800,2025-02-19 18:00,30.0,85.9,1,Sunny,8.9,14.4,46,NE,1009.0,29.79,0.0,0.0,0.0,23,3,28.1,82.6,30.0,85.9,28.1,82.6,6.9,44.3,0,0,0,0,10.0,6.0,11.6,18.6,0.8
1740002400,2025-02-19 19:00,26.9,80.4,1,Sunny,9.2,14.8,48,NE,1009.0,29.8,0.0,0.0,0.0,29,2,25.9,78.7,26.9,80.4,25.9,78.7,7.3,45.1,0,0,0,0,10.0,6.0,16.0,25.7,0.1
1740006000,2025-02-19 20:00,23.3,73.9,0,Clear ,8.7,14.0,55,NE,1010.0,29.82,0.0,0.0,0.0,32,1,23.9,75.0,23.3,73.9,23.9,75.0,5.5,41.9,0,0,0,0,10.0,6.0,18.3,29.5,0.0
1740009600,2025-02-19 21:00,21.7,71.1,0,Clear ,9.4,15.1,65,ENE,1010.0,29.84,0.0,0.0,0.0,34,2,21.7,71.1,21.7,71.1,23.5,74.4,5.2,41.4,0,0,0,0,10.0,6.0,19.7,31.8,0.0
1740013200,2025-02-19 22:00,20.6,69.2,0,Clear ,10.5,16.9,67,ENE,1011.0,29.85,0.0,0.0,0.0,46,1,20.6,69.2,20.6,69.2,20.6,69.2,8.6,47.4,0,0,0,0,10.0,6.0,22.1,35.5,0.0
1740016800,2025-02-19 23:00,20.2,68.3,0,Clear ,9.4,15.1,64,ENE,1011.0,29.86,0.0,0.0,0.0,57,2,20.2,68.3,20.2,68.3,20.2,68.3,11.4,52.4,0,0,0,0,10.0,6.0,19.7,31.8,0.0
1740020400,2025-02-20 00:00,20.1,68.3,0,Clear ,9.2,14.8,60,ENE,1011.0,29.86,0.0,0.0,0.0,62,2,20.2,68.3,20.2,68.3,20.2,68.3,12.6,54.7,0,0,0,0,10.0,6.0,19.3,31.0,0.0
1740024000,2025-02-20 01:00,19.9,67.8,0,Clear ,8.5,13.7,57,ENE,1011.0,29.86,0.0,0.0,0.0,70,0,19.9,67.8,19.9,67.8,19.9,67.8,14.3,57.7,0,0,0,0,10.0,6.0,17.9,28.7,0.0
1740027600,2025-02-20 02:00,19.5,67.0,0,Clear ,8.1,13.0,45,NE,1011.0,29.85,0.0,0.0,0.0,72,1,19.5,67.0,19.5,67.0,19.5,67.0,14.3,57.8,0,0,0,0,10.0,6.0,16.9,27.2,0.0
1740031200,2025-02-20 03:00,19.3,66.8,0,Clear ,7.8,12.6,35,NE,1011.0,29.85,0.0,0.0,0.0,64,2,19.4,66.8,19.4,66.8,19.4,66.8,12.3,54.1,0,0,0,0,10.0,6.0,16.4,26.5,0.0
1740034800,2025-02-20 04:00,19.3,66.7,0,Clear ,7.8,12.6,31,NNE,1011.0,29.86,0.0,0.0,0.0,61,1,19.3,66.7,19.3,66.7,19.3,66.7,11.7,53.0,0,0,0,0,10.0,6.0,16.4,26.5,0.0
1740038400,2025-02-20 05:00,19.1,66.4,0,Clear ,7.8,12.6,27,NNE,1011.0,29.86,0.0,0.0,0.0,65,2,19.1,66.4,19.1,66.4,19.1,66.4,12.3,54.1,0,0,0,0,10.0,6.0,16.4,26.5,0.0
1740042000,2025-02-20 06:00,19.0,66.2,0,Clear ,8.5,13.7,35,NE,1012.0,29.87,0.0,0.0,0.0,67,2,19.0,66.3,19.0,66.3,19.0,66.3,12.9,55.2,0,0,0,0,10.0,6.0,17.9,28.7,0.0
1740045600,2025-02-20 07:00,19.2,66.6,1,Sunny,8.5,13.7,30,NNE,1012.0,29.89,0.0,0.0,0.0,70,0,19.3,66.7,19.3,66.7,19.3,66.7,13.7,56.6,0,0,0,0,10.0,6.0,17.3,27.9,0.2
1740049200,2025-02-20 08:00,22.1,71.8,1,Sunny,9.4,15.1,21,NNE,1012.0,29.9,0.0,0.0,0.0,64,0,24.6,76.3,22.1,71.9,24.6,76.3,15.1,59.2,0,0,0,0,10.0,6.0,13.2,21.2,1.0
1740052800,2025-02-20 09:00,25.0,77.1,1,Sunny,11.0,17.6,14,NNE,1013.0,29.91,0.0,0.0,0.0,55,0,26.1,78.9,25.0,77.1,26.1,78.9,15.4,59.8,0,0,0,0,10.0,6.0,12.6,20.3,2.9
1740056400,2025-02-20 10:00,27.4,81.4,1,Sunny,11.0,17.6,22,NNE,1013.0,29.91,0.0,0.0,0.0,45,0,27.7,81.9,27.4,81.4,27.7,81.9,14.6,58.3,0,0,0,0,10.0,6.0,12.6,20.3,10.0
1740060000,2025-02-20 11:00,29.1,84.4,1,Sunny,11.0,17.6,30,NNE,1012.0,29.9,0.0,0.0,0.0,38,0,28.8,83.9,29.1,84.4,28.8,83.9,13.4,56.2,0,0,0,0,10.0,6.0,12.6,20.3,10.0
1740063600,2025-02-20 12:00,30.5,87.0,1,Sunny,11.4,18.4,26,NNE,1012.0,29.88,0.0,0.0,0.0,33,0,29.9,85.7,30.5,87.0,29.9,85.7,12.4,54.3,0,0,0,0,10.0,6.0,13.1,21.1,11.0
1740067200,2025-02-20 13:00,31.5,88.8,1,Sunny,11.6,18.7,18,NNE,1012.0,29.88,0.0,0.0,0.0,29,0,30.5,87.0,31.6,88.8,30.5,87.0,11.5,52.7,0,0,0,0,10.0,6.0,13.4,21.5,11.0
1740070800,2025-02-20 14:00,32.3,90.2,1,Sunny,11.0,17.6,18,NNE,1011.0,29.87,0.0,0.0,0.0,26,0,31.0,87.9,32.3,90.2,31.0,87.9,10.6,51.0,0,0,0,0,10.0,6.0,12.6,20.3,11.0
1740074400,2025-02-20 15:00,32.9,91.3,1,Sunny,10.1,16.2,22,NNE,1011.0,29.84,0.0,0.0,0.0,24,0,31.4,88.6,32.9,91.3,31.4,88.6,9.9,49.8,0,0,0,0,10.0,6.0,11.6,18.6,11.0
1740078000,2025-02-20 16:00,33.2,91.7,1,Sunny,10.3,16.6,24,NNE,1010.0,29.83,0.0,0.0,0.0,24,0,31.7,89.0,33.2,91.7,31.7,89.0,9.9,49.7,0,0,0,0,10.0,6.0,11.8,19.0,11.0
1740081600,2025-02-20 17:00,33.1,91.6,1,Sunny,9.8,15.8,25,NNE,1010.0,29.82,0.0,0.0,0.0,24,0,31.7,89.0,33.1,91.6,31.7,89.0,10.0,50.1,0,0,0,0,10.0,6.0,11.3,18.2,11.0
1740085200,2025-02-20 18:00,32.4,90.3,1,Sunny,9.6,15.5,30,NNE,1010.0,29.81,0.0,0.0,0.0,26,0,31.0,87.9,32.4,90.3,31.0,87.9,10.4,50.7,0,0,0,0,10.0,6.0,12.3,19.8,11.0
1740088800,2025-02-20 19:00,29.5,85.2,1,Sunny,9.6,15.5,44,NE,1010.0,29.82,0.0,0.0,0.0,35,0,29.0,84.2,29.5,85.2,29.0,84.2,12.6,54.6,0,0,0,0,10.0,6.0,16.0,25.8,10.0
1740092400,2025-02-20 20:00,25.4,77.6,0,Clear ,10.3,16.6,59,ENE,1010.0,29.82,0.0,0.0,0.0,51,0,26.2,79.1,25.4,77.6,26.2,79.1,14.6,58.4,0,0,0,0,10.0,6.0,20.1,32.4,0.0
1740096000,2025-02-20 21:00,23.3,73.9,0,Clear ,9.4,15.1,76,ENE,1011.0,29.86,0.0,0.0,0.0,64,0,25.1,77.1,23.3,73.9,25.1,77.1,16.0,60.8,0,0,0,0,10.0,6.0,18.9,30.3,0.0
1740099600,2025-02-20 22:00,22.0,71.6,0,Clear ,7.8,12.6,87,E,1012.0,29.89,0.0,0.0,0.0,73,0,22.0,71.5,22.0,71.5,24.6,76.2,16.9,62.3,0,0,0,0,10.0,6.0,16.4,26.5,0.0
1740103200,2025-02-20 23:00,21.6,70.9,0,Clear ,8.7,14.0,77,ENE,1012.0,29.88,0.0,0.0,0.0,77,2,21.6,70.9,21.6,70.9,24.4,75.9,17.4,63.3,0,0,0,0,10.0,6.0,18.3,29.5,0.0
1740106800,2025-02-21 00:00,21.7,71.1,0,Clear ,8.5,13.7,72,ENE,1011.0,29.87,0.0,0.0,0.0,78,8,21.7,71.1,21.7,71.1,24.4,76.0,17.6,63.7,0,0,0,0,10.0,6.0,17.9,28.7,0.0
1740110400,2025-02-21 01:00,22.0,71.6,0,Clear ,7.6,12.2,55,NE,1011.0,29.86,0.0,0.0,0.0,76,7,22.0,71.6,22.0,71.6,24.5,76.2,17.6,63.8,0,0,0,0,10.0,6.0,16.0,25.7,0.0
1740114000,2025-02-21 02:00,22.0,71.7,0,Clear ,6.9,11.2,43,NE,1011.0,29.86,0.0,0.0,0.0,78,13,24.5,76.2,22.1,71.7,24.5,76.2,18.1,64.6,0,0,0,0,10.0,6.0,14.6,23.4,0.0
1740117600,2025-02-21 03:00,22.0,71.6,0,Clear ,5.1,8.3,28,NNE,1012.0,29.87,0.0,0.0,0.0,80,13,22.0,71.6,22.0,71.6,24.5,76.1,18.5,65.3,0,0,0,0,10.0,6.0,10.8,17.4,0.0
1740121200,2025-02-21 04:00,22.1,71.8,0,Clear ,5.6,9.0,23,NNE,1011.0,29.86,0.0,0.0,0.0,76,11,24.6,76.3,22.1,71.8,24.6,76.3,17.6,63.8,0,0,0,0,10.0,6.0,11.7,18.9,0.0
1740124800,2025-02-21 05:00,22.0,71.6,0,Clear ,6.5,10.4,22,NNE,1012.0,29.87,0.0,0.0,0.0,72,10,22.0,71.6,22.0,71.6,24.6,76.2,16.8,62.3,0,0,0,0,10.0,6.0,13.6,21.9,0.0
1740128400,2025-02-21 06:00,21.7,71.0,0,Clear ,6.9,11.2,28,NNE,1012.0,29.89,0.0,0.0,0.0,72,9,21.7,71.0,21.7,71.0,24.5,76.0,16.4,61.5,0,0,0,0,10.0,6.0,14.6,23.4,0.0
1740132000,2025-02-21 07:00,21.7,71.1,1,Sunny,6.7,10.8,16,NNE,1013.0,29.91,0.0,0.0,0.0,71,14,21.7,71.1,21.7,71.1,24.5,76.1,16.3,61.3,0,0,0,0,10.0,6.0,14.1,22.7,9.0
1740135600,2025-02-21 08:00,24.5,76.1,1,Sunny,8.5,13.7,0,N,1013.0,29.92,0.0,0.0,0.0,59,19,25.8,78.5,24.5,76.1,25.8,78.5,16.1,61.0,0,0,0,0,10.0,6.0,12.7,20.4,9.0
1740139200,2025-02-21 09:00,27.7,81.9,1,Sunny,8.7,14.0,349,N,1013.0,29.93,0.0,0.0,0.0,46,17,28.0,82.4,27.7,81.9,28.0,82.4,14.9,58.9,0,0,0,0,10.0,6.0,10.2,16.3,10.0
1740142800,2025-02-21 10:00,30.6,87.1,1,Sunny,8.1,13.0,348,NNW,1013.0,29.92,0.0,0.0,0.0,37,13,30.5,86.9,30.6,87.1,30.5,86.9,14.2,57.5,0,0,0,0,10.0,6.0,9.3,14.9,11.0
1740146400,2025-02-21 11:00,33.3,91.9,1,Sunny,8.1,13.0,338,NNW,1013.0,29.91,0.0,0.0,0.0,30,13,32.9,91.1,33.3,91.9,32.9,91.1,13.4,56.1,0,0,0,0,10.0,6.0,9.3,14.9,11.0
1740150000,2025-02-21 12:00,35.1,95.2,1,Sunny,7.8,12.6,333,NNW,1013.0,29.9,0.0,0.0,0.0,26,17,34.6,94.2,35.1,95.2,34.6,94.2,12.8,55.1,0,0,0,0,10.0,6.0,9.0,14.5,12.0
1740153600,2025-02-21 13:00,36.3,97.3,1,Sunny,6.5,10.4,334,NNW,1012.0,29.89,0.0,0.0,0.0,24,19,35.7,96.3,36.3,97.3,35.7,96.3,12.5,54.5,0,0,0,0,10.0,6.0,7.5,12.0,12.0
1740157200,2025-02-21 14:00,37.4,99.2,1,Sunny,5.1,8.3,355,N,1012.0,29.88,0.0,0.0,0.0,22,18,36.8,98.2,37.4,99.2,36.8,98.2,12.3,54.2,0,0,0,0,10.0,6.0,5.9,9.5,12.0
1740160800,2025-02-21 15:00,37.8,100.1,1,Sunny,6.5,10.4,23,NNE,1011.0,29.86,0.0,0.0,0.0,21,15,37.2,99.0,37.8,100.1,37.2,99.0,12.1,53.7,0,0,0,0,10.0,6.0,7.5,12.0,12.0
1740164400,2025-02-21 16:00,37.9,100.2,1,Sunny,8.7,14.0,31,NNE,1011.0,29.84,0.0,0.0,0.0,21,17,37.2,99.0,37.9,100.2,37.2,99.0,11.9,53.5,0,0,0,0,10.0,6.0,10.0,16.2,12.0
1740168000,2025-02-21 17:00,37.3,99.1,1,Sunny,10.7,17.3,35,NE,1010.0,29.84,0.0,0.0,0.0,21,15,36.4,97.6,37.3,99.1,36.4,97.6,11.5,52.8,0,0,0,0,10.0,6.0,12.3,19.9,12.0
1740171600,2025-02-21 18:00,36.2,97.2,1,Sunny,10.5,16.9,40,NE,1010.0,29.83,0.0,0.0,0.0,22,9,35.1,95.1,36.2,97.2,35.1,95.1,10.9,51.6,0,0,0,0,10.0,6.0,13.2,21.2,12.0
1740175200,2025-02-21 19:00,33.7,92.7,1,Sunny,9.4,15.1,43,NE,1010.0,29.83,0.0,0.0,0.0,25,7,32.5,90.5,33.7,92.7,32.5,90.5,10.9,51.6,0,0,0,0,10.0,6.0,15.8,25.5,11.0
1740178800,2025-02-21 20:00,29.4,84.9,0,Clear ,10.3,16.6,43,NE,1011.0,29.84,0.0,0.0,0.0,33,5,28.7,83.6,29.4,84.9,28.7,83.6,11.7,53.1,0,0,0,0,10.0,6.0,21.6,34.8,0.0
1740182400,2025-02-21 21:00,27.6,81.7,0,Clear ,11.4,18.4,52,NE,1011.0,29.86,0.0,0.0,0.0,45,3,27.9,82.2,27.6,81.7,27.9,82.2,14.7,58.5,0,0,0,0,10.0,6.0,23.3,37.5,0.0
1740186000,2025-02-21 22:00,26.7,80.1,0,Clear ,10.3,16.6,58,ENE,1012.0,29.88,0.0,0.0,0.0,51,5,27.4,81.3,26.7,80.1,27.4,81.3,15.7,60.3,0,0,0,0,10.0,6.0,21.1,33.9,0.0
1740189600,2025-02-21 23:00,26.1,79.0,0,Clear ,9.2,14.8,58,ENE,1012.0,29.89,0.0,0.0,0.0,54,6,26.9,80.5,26.1,78.9,26.9,80.5,16.0,60.8,0,0,0,0,10.0,6.0,19.3,31.0,0.0
1740193200,2025-02-22 00:00,25.8,78.4,0,Clear ,8.9,14.4,50,NE,1012.0,29.88,0.0,0.0,0.0,57,6,26.8,80.3,25.8,78.4,26.8,80.3,16.7,62.0,0,0,0,0,10.0,6.0,18.8,30.2,0.0
1740196800,2025-02-22 01:00,25.7,78.3,0,Clear ,8.3,13.3,55,NE,1012.0,29.88,0.0,0.0,0.0,57,7,26.7,80.1,25.7,78.3,26.7,80.1,16.5,61.7,0,0,0,0,10.0,6.0,17.4,28.0,0.0
1740200400,2025-02-22 02:00,25.8,78.4,0,Clear ,8.1,13.0,43,NE,1011.0,29.87,0.0,0.0,0.0,55,9,26.7,80.1,25.8,78.4,26.7,80.1,16.2,61.1,0,0,0,0,10.0,6.0,16.9,27.2,0.0
1740204000,2025-02-22 03:00,25.5,77.8,0,Clear ,8.1,13.0,31,NNE,1011.0,29.87,0.0,0.0,0.0,57,9,26.5,79.7,25.5,77.8,26.5,79.7,16.2,61.2,0,0,0,0,10.0,6.0,16.9,27.2,0.0
1740207600,2025-02-22 04:00,25.0,77.1,0,Clear ,7.8,12.6,10,N,1012.0,29.87,0.0,0.0,0.0,58,8,26.2,79.1,25.0,77.1,26.2,79.1,16.2,61.2,0,0,0,0,10.0,6.0,16.4,26.5,0.0
1740211200,2025-02-22 05:00,25.1,77.3,0,Clear ,8.3,13.3,357,N,1012.0,29.88,0.0,0.0,0.0,55,6,26.1,79.0,25.2,77.3,26.1,79.0,15.4,59.6,0,0,0,0,10.0,6.0,17.4,28.0,0.0
1740214800,2025-02-22 06:00,25.0,76.9,0,Clear ,8.3,13.3,7,N,1012.0,29.89,0.0,0.0,0.0,53,5,25.9,78.6,25.0,76.9,25.9,78.6,14.7,58.4,0,0,0,0,10.0,6.0,17.4,28.0,0.0
1740218400,2025-02-22 07:00,24.9,76.8,1,Sunny,7.6,12.2,11,NNE,1013.0,29.91,0.0,0.0,0.0,52,6,25.9,78.6,24.9,76.8,25.9,78.6,14.5,58.1,0,0,0,0,10.0,6.0,16.0,25.7,9.0
1740222000,2025-02-22 08:00,27.5,81.5,1,Sunny,8.7,14.0,1,N,1013.0,29.91,0.0,0.0,0.0,46,7,27.8,82.1,27.5,81.5,27.8,82.1,14.9,58.7,0,0,0,0,10.0,6.0,13.7,22.0,10.0
1740225600,2025-02-22 09:00,30.7,87.3,1,Sunny,10.5,16.9,351,N,1013.0,29.92,0.0,0.0,0.0,37,9,30.7,87.3,30.7,87.3,30.7,87.3,14.6,58.3,0,0,0,0,10.0,6.0,12.3,19.8,11.0
1740229200,2025-02-22 10:00,33.5,92.3,1,Sunny,11.0,17.6,356,N,1013.0,29.92,0.0,0.0,0.0,32,9,33.6,92.5,33.5,92.3,33.6,92.5,14.6,58.4,0,0,0,0,10.0,6.0,12.6,20.3,11.0
1740232800,2025-02-22 11:00,35.2,95.4,1,Sunny,11.0,17.6,1,N,1013.0,29.91,0.0,0.0,0.0,30,8,35.8,96.4,35.2,95.4,35.8,96.4,15.2,59.4,0,0,0,0,10.0,6.0,12.6,20.3,12.0
1740236400,2025-02-22 12:00,36.8,98.3,1,Sunny,10.3,16.6,0,N,1012.0,29.9,0.0,0.0,0.0,29,8,38.0,100.4,36.8,98.3,38.0,100.4,16.0,60.8,0,0,0,0,10.0,6.0,11.8,19.0,12.0
1740240000,2025-02-22 13:00,38.4,101.1,1,Sunny,9.2,14.8,3,N,1012.0,29.88,0.0,0.0,0.0,27,5,39.8,103.7,38.4,101.1,39.8,103.7,16.1,60.9,0,0,0,0,10.0,6.0,10.6,17.0,12.0
1740243600,2025-02-22 14:00,39.6,103.2,1,Sunny,9.4,15.1,14,NNE,1011.0,29.86,0.0,0.0,0.0,23,5,40.3,104.6,39.6,103.2,40.3,104.6,14.6,58.2,0,0,0,0,10.0,6.0,10.8,17.4,12.0
1740247200,2025-02-22 15:00,39.9,103.8,1,Sunny,11.4,18.4,21,NNE,1010.0,29.83,0.0,0.0,0.0,21,6,40.2,104.3,39.9,103.8,40.2,104.3,13.5,56.3,0,0,0,0,10.0,6.0,13.1,21.1,12.0
1740250800,2025-02-22 16:00,39.8,103.6,1,Sunny,11.0,17.6,23,NNE,1009.0,29.81,0.0,0.0,0.0,21,4,39.8,103.6,39.8,103.6,39.8,103.6,13.1,55.6,0,0,0,0,10.0,6.0,12.6,20.3,12.0
1740254400,2025-02-22 17:00,39.5,103.1,1,Sunny,10.3,16.6,25,NNE,1009.0,29.78,0.0,0.0,0.0,22,4,39.7,103.5,39.5,103.1,39.7,103.5,13.6,56.4,0,0,0,0,10.0,6.0,11.8,19.0,12.0
1740258000,2025-02-22 18:00,38.3,101.0,1,Sunny,12.5,20.2,33,NNE,1007.0,29.75,0.0,0.0,0.0,24,3,38.7,101.7,38.3,101.0,38.7,101.7,14.2,57.5,0,0,0,0,10.0,6.0,15.9,25.6,12.0
1740261600,2025-02-22 19:00,35.4,95.6,1,Sunny,11.4,18.4,42,NE,1007.0,29.75,0.0,0.0,0.0,31,8,36.1,97.0,35.4,95.6,36.1,97.0,15.6,60.1,0,0,0,0,10.0,6.0,17.6,28.4,12.0
1740265200,2025-02-22 20:00,31.5,88.7,0,Clear ,11.9,19.1,70,ENE,1008.0,29.78,0.0,0.0,0.0,41,6,32.3,90.1,31.5,88.7,32.3,90.1,16.5,61.8,0,0,0,0,10.0,6.0,22.4,36.1,0.0
1740268800,2025-02-22 21:00,30.1,86.1,0,Clear ,11.4,18.4,78,ENE,1010.0,29.81,0.0,0.0,0.0,42,16,30.5,86.9,30.1,86.1,30.5,86.9,15.9,60.5,0,0,0,0,10.0,6.0,22.7,36.5,0.0
1740272400,2025-02-22 22:00,29.9,85.8,0,Clear ,11.0,17.6,67,ENE,1010.0,29.81,0.0,0.0,0.0,44,15,30.5,86.9,29.9,85.8,30.5,86.9,16.2,61.2,0,0,0,0,10.0,6.0,21.7,34.9,0.0
1740276000,2025-02-22 23:00,29.8,85.6,0,Clear ,10.5,16.9,55,NE,1010.0,29.81,0.0,0.0,0.0,45,15,30.5,86.9,29.8,85.6,30.5,86.9,16.6,61.9,0,0,0,0,10.0,6.0,20.6,33.1,0.0
1740279600,2025-02-23 00:00,29.6,85.3,0,Clear ,10.1,16.2,43,NE,1009.0,29.81,0.0,0.0,0.0,47,14,30.5,86.8,29.6,85.3,30.5,86.8,17.0,62.6,0,0,0,0,10.0,6.0,19.6,31.6,0.0
1740283200,2025-02-23 01:00,29.8,85.6,0,Clear ,11.2,18.0,36,NE,1009.0,29.81,0.0,0.0,0.0,46,17,30.5,86.9,29.8,85.6,30.5,86.9,16.8,62.2,0,0,0,0,10.0,6.0,20.4,32.8,0.0
1740286800,2025-02-23 02:00,29.9,85.8,0,Clear ,12.1,19.4,28,NNE,1009.0,29.81,0.0,0.0,0.0,45,20,30.6,87.1,29.9,85.8,30.6,87.1,16.5,61.7,0,0,0,0,10.0,6.0,21.0,33.8,0.0
1740290400,2025-02-23 03:00,30.0,86.1,0,Clear ,13.2,21.2,21,NNE,1009.0,29.81,0.0,0.0,0.0,44,23,30.6,87.1,30.0,86.1,30.6,87.1,16.3,61.4,0,0,0,0,10.0,6.0,21.6,34.8,0.0
1740294000,2025-02-23 04:00,29.0,84.2,0,Patchy rain nearby,12.1,19.4,23,NNE,1010.0,29.82,0.0,0.0,0.0,49,45,29.8,85.6,29.0,84.2,29.8,85.6,17.1,62.8,0,29,0,0,10.0,6.0,20.6,33.1,0.0
1740297600,2025-02-23 05:00,27.9,82.2,0,Clear ,11.2,18.0,25,NNE,1010.0,29.83,0.0,0.0,0.0,55,66,29.0,84.2,27.9,82.2,29.0,84.2,17.9,64.2,0,57,0,0,10.0,6.0,19.7,31.7,0.0
1740301200,2025-02-23 06:00,26.9,80.3,0,Patchy rain nearby,10.1,16.2,26,NNE,1011.0,29.84,0.07,0.0,0.0,61,88,28.3,82.9,26.9,80.3,28.3,82.9,18.7,65.7,1,100,0,0,10.0,6.0,18.7,30.0,0.0
1740304800,2025-02-23 07:00,27.7,81.9,1,Patchy rain nearby,10.7,17.3,24,NNE,1011.0,29.85,0.1,0.0,0.0,59,82,29.2,84.6,27.7,81.9,29.2,84.6,19.0,66.2,1,100,0,0,9.7,6.0,17.9,28.8,9.0
1740308400,2025-02-23 08:00,28.5,83.3,1,Patchy rain nearby,11.6,18.7,21,NNE,1011.0,29.85,0.1,0.0,0.0,58,76,30.2,86.4,28.5,83.3,30.2,86.4,19.3,66.7,1,100,0,0,9.3,5.0,17.0,27.4,9.0
1740312000,2025-02-23 09:00,29.3,84.7,1,Patchy rain nearby,12.3,19.8,18,NNE,1011.0,29.86,0.15,0.01,0.0,56,70,31.2,88.1,29.3,84.7,31.2,88.1,19.5,67.1,1,100,0,0,9.0,5.0,16.1,26.0,9.0
1740315600,2025-02-23 10:00,30.5,86.9,1,Partly Cloudy ,11.4,18.4,18,NNE,1011.0,29.86,0.1,0.0,0.0,53,57,32.8,91.0,30.5,86.9,32.8,91.0,19.7,67.5,1,100,0,0,9.3,5.0,15.4,24.8,11.0
1740319200,2025-02-23 11:00,31.8,89.2,1,Patchy rain nearby,10.3,16.6,18,NNE,1011.0,29.86,0.1,0.0,0.0,50,45,34.5,94.1,31.8,89.2,34.5,94.1,20.0,68.0,1,100,0,0,9.7,6.0,14.8,23.8,10.0
1740322800,2025-02-23 12:00,33.1,91.6,1,Partly Cloudy ,9.4,15.1,18,NNE,1011.0,29.86,0.0,0.0,0.0,47,32,36.2,97.2,33.1,91.6,36.2,97.2,20.2,68.4,0,0,0,0,10.0,6.0,14.0,22.5,11.0
1740326400,2025-02-23 13:00,32.5,90.5,1,Patchy rain nearby,9.8,15.8,30,NNE,1011.0,29.84,0.0,0.0,0.0,49,49,35.5,95.9,32.5,90.5,35.5,95.9,20.2,68.4,0,24,0,0,10.0,6.0,16.1,25.9,10.0
1740330000,2025-02-23 14:00,31.9,89.4,1,Partly Cloudy ,10.1,16.2,43,NE,1010.0,29.82,0.1,0.0,0.0,50,65,34.7,94.5,31.9,89.4,34.7,94.5,20.3,68.5,1,100,0,0,10.0,6.0,18.1,29.2,11.0
1740333600,2025-02-23 15:00,31.3,88.3,1,Patchy rain nearby,10.5,16.9,55,NE,1009.0,29.8,0.08,0.0,0.0,52,82,34.0,93.2,31.3,88.3,34.0,93.2,20.3,68.5,1,100,0,0,10.0,6.0,20.2,32.6,10.0
1740337200,2025-02-23 16:00,30.6,87.1,1,Patchy rain nearby,8.9,14.4,88,E,1009.0,29.79,0.1,0.0,0.0,56,79,33.4,92.1,30.6,87.1,33.4,92.1,20.7,69.3,1,100,0,0,10.0,6.0,17.7,28.4,10.0
1740340800,2025-02-23 17:00,29.9,85.8,1,Patchy rain nearby,7.4,11.9,120,ESE,1009.0,29.78,0.1,0.0,0.0,60,77,32.7,90.9,29.9,85.8,32.7,90.9,21.1,70.0,1,100,0,0,10.0,6.0,15.0,24.1,9.0
1740344400,2025-02-23 18:00,29.2,84.5,1,Patchy rain nearby,5.8,9.4,152,SSE,1008.0,29.77,0.05,0.0,0.0,63,74,32.1,89.8,29.2,84.5,32.1,89.8,21.5,70.8,1,100,0,0,10.0,6.0,12.2,19.7,9.0
1740348000,2025-02-23 19:00,28.7,83.7,1,Sunny,8.7,14.0,127,SE,1008.0,29.76,0.0,0.0,0.0,62,51,31.2,88.2,28.7,83.7,31.2,88.2,20.7,69.3,0,56,0,0,10.0,6.0,18.6,29.9,10.0
1740351600,2025-02-23 20:00,28.2,82.8,0,Patchy rain nearby,11.9,19.1,103,ESE,1008.0,29.75,0.0,0.0,0.0,60,28,30.2,86.4,28.2,82.8,30.2,86.4,19.8,67.6,0,28,0,0,10.0,6.0,24.8,40.0,0.0
1740355200,2025-02-23 21:00,27.7,81.9,0,Clear ,14.8,23.8,78,ENE,1007.0,29.74,0.0,0.0,0.0,59,5,29.2,84.6,27.7,81.9,29.2,84.6,18.9,66.1,0,0,0,0,10.0,6.0,31.0,49.9,0.0
1740358800,2025-02-23 22:00,28.2,82.8,0,Clear ,13.2,21.2,75,ENE,1008.0,29.75,0.0,0.0,0.0,56,7,29.6,85.3,28.2,82.8,29.6,85.3,18.6,65.5,0,0,0,0,10.0,6.0,27.1,43.6,0.0
1740362400,2025-02-23 23:00,28.7,83.7,0,Clear ,11.9,19.1,72,ENE,1008.0,29.77,0.0,0.0,0.0,54,9,30.0,86.0,28.7,83.7,30.0,86.0,18.3,64.9,0,0,0,0,10.0,6.0,23.3,37.4,0.0
1740366000,2025-02-24 00:00,29.2,84.6,0,Clear ,10.3,16.6,69,ENE,1009.0,29.79,0.0,0.0,0.0,51,11,30.4,86.8,29.2,84.6,30.4,86.8,18.0,64.4,0,0,0,0,10.0,6.0,19.4,31.2,0.0
1740369600,2025-02-24 01:00,28.6,83.5,0,Clear ,11.2,18.0,64,ENE,1008.0,29.78,0.0,0.0,0.0,51,10,29.7,85.5,28.6,83.5,29.7,85.5,17.5,63.5,0,0,0,0,10.0,6.0,20.1,32.4,0.0
1740373200,2025-02-24 02:00,28.0,82.4,0,Clear ,11.9,19.1,60,ENE,1008.0,29.77,0.0,0.0,0.0,51,9,28.9,84.0,28.0,82.4,28.9,84.0,16.9,62.4,0,0,0,0,10.0,6.0,20.8,33.5,0.0
1740376800,2025-02-24 03:00,27.5,81.5,0,Clear ,12.8,20.5,56,ENE,1008.0,29.76,0.0,0.0,0.0,51,9,28.2,82.7,27.5,81.4,28.2,82.7,16.4,61.5,0,0,0,0,10.0,6.0,21.5,34.6,0.0
1740380400,2025-02-24 04:00,26.8,80.2,0,Clear ,12.3,19.8,52,NE,1008.0,29.77,0.0,0.0,0.0,53,9,27.6,81.7,26.8,80.2,27.6,81.7,16.3,61.3,0,0,0,0,10.0,6.0,21.0,33.8,0.0
1740384000,2025-02-24 05:00,26.1,79.0,0,Clear ,12.1,19.4,48,NE,1008.0,29.77,0.0,0.0,0.0,54,10,27.0,80.6,26.1,79.0,27.0,80.6,16.1,61.0,0,0,0,0,10.0,6.0,20.4,32.8,0.0
1740387600,2025-02-24 06:00,25.5,77.8,0,Clear ,11.6,18.7,44,NE,1008.0,29.77,0.0,0.0,0.0,56,10,26.5,79.6,25.5,77.8,26.5,79.6,16.0,60.8,0,0,0,0,10.0,6.0,19.9,32.0,0.0
1740391200,2025-02-24 07:00,25.7,78.3,1,Patchy rain nearby,8.3,13.3,83,E,1009.0,29.8,0.1,0.0,0.0,57,32,26.8,80.2,25.7,78.3,26.8,80.2,16.6,61.9,1,100,0,0,9.7,6.0,13.9,22.3,9.0
1740394800,2025-02-24 08:00,26.0,78.8,1,Sunny,4.7,7.6,122,ESE,1010.0,29.83,0.2,0.01,0.0,59,55,27.2,81.0,26.0,78.8,27.2,81.0,17.3,63.1,1,100,0,0,9.3,5.0,8.1,13.0,10.0
1740398400,2025-02-24 09:00,26.3,79.4,1,Patchy rain nearby,1.3,2.2,161,SSE,1011.0,29.86,0.33,0.01,0.0,60,77,27.5,81.5,26.3,79.4,27.5,81.5,17.9,64.2,1,100,0,0,9.0,5.0,2.0,3.2,9.0
1740402000,2025-02-24 10:00,27.6,81.7,1,Patchy rain nearby,5.1,8.3,144,SE,1011.0,29.86,0.2,0.01,0.0,55,80,28.7,83.7,27.6,81.7,28.7,83.7,17.6,63.7,1,100,0,0,9.3,5.0,6.3,10.1,9.0
1740405600,2025-02-24 11:00,28.9,84.0,1,Patchy rain nearby,8.9,14.4,127,SE,1011.0,29.85,0.1,0.0,0.0,50,82,29.8,85.6,28.9,84.0,29.8,85.6,17.2,63.0,1,100,0,0,9.7,6.0,10.5,16.9,9.0
1740409200,2025-02-24 12:00,30.2,86.3,1,Patchy rain nearby,12.8,20.5,109,ESE,1011.0,29.84,0.04,0.0,0.0,45,85,31.0,87.8,30.2,86.3,31.0,87.8,16.9,62.4,1,78,0,0,10.0,6.0,14.8,23.8,10.0
1740412800,2025-02-24 13:00,31.1,88.0,1,Patchy rain nearby,13.9,22.3,109,ESE,1010.0,29.83,0.0,0.0,0.0,43,86,32.1,89.8,31.1,88.0,32.1,89.8,17.0,62.6,1,80,0,0,10.0,6.0,16.1,25.9,10.0
1740416400,2025-02-24 14:00,32.1,89.8,1,Patchy rain nearby,15.0,24.1,109,ESE,1010.0,29.82,0.0,0.0,0.0,41,86,33.2,91.8,32.1,89.8,33.2,91.8,17.1,62.8,1,82,0,0,10.0,6.0,17.4,28.1,10.0
1740420000,2025-02-24 15:00,33.0,91.4,1,Patchy rain nearby,16.1,25.9,108,ESE,1009.0,29.81,0.01,0.0,0.0,39,87,34.3,93.7,33.0,91.4,34.3,93.7,17.2,63.0,1,84,0,0,10.0,6.0,18.7,30.1,10.0
1740423600,2025-02-24 16:00,32.9,91.2,1,Sunny,17.4,28.1,102,ESE,1009.0,29.78,0.0,0.0,0.0,37,59,33.7,92.7,32.9,91.2,33.7,92.7,16.4,61.5,0,56,0,0,10.0,6.0,20.4,32.8,11.0
1740427200,2025-02-24 17:00,32.7,90.9,1,Patchy rain nearby,18.6,29.9,95,E,1008.0,29.76,0.0,0.0,0.0,36,32,33.2,91.8,32.7,90.9,33.2,91.8,15.6,60.1,0,28,0,0,10.0,6.0,22.1,35.6,10.0
1740430800,2025-02-24 18:00,32.5,90.6,1,Sunny,19.9,32.0,89,E,1007.0,29.73,0.0,0.0,0.0,34,4,32.6,90.7,32.5,90.6,32.6,90.7,14.7,58.5,0,0,0,0,10.0,6.0,23.9,38.4,11.0
1740434400,2025-02-24 19:00,30.9,87.6,1,Sunny,18.6,29.9,88,E,1007.0,29.74,0.0,0.0,0.0,37,5,31.0,87.8,30.9,87.6,31.0,87.8,14.4,57.9,0,0,0,0,10.0,6.0,25.5,41.0,11.0
1740438000,2025-02-24 20:00,29.3,84.7,0,Clear ,17.4,28.1,86,E,1007.0,29.75,0.0,0.0,0.0,40,6,29.4,84.9,29.3,84.7,29.4,84.9,14.1,57.4,0,0,0,0,10.0,6.0,27.1,43.6,0.0
1740441600,2025-02-24 21:00,27.7,81.9,0,Clear ,16.1,25.9,85,E,1008.0,29.75,0.0,0.0,0.0,42,7,27.8,82.0,27.8,82.0,27.8,82.0,13.7,56.7,0,0,0,0,10.0,6.0,28.6,46.1,0.0
1740445200,2025-02-24 22:00,28.2,82.8,0,Clear ,15.7,25.2,78,ENE,1008.0,29.75,0.0,0.0,0.0,43,8,28.4,83.1,28.2,82.8,28.4,83.1,14.4,57.9,0,0,0,0,10.0,6.0,27.3,43.9,0.0
1740448800,2025-02-24 23:00,28.7,83.7,0,Clear ,15.2,24.5,71,ENE,1008.0,29.75,0.0,0.0,0.0,44,9,29.1,84.4,28.7,83.7,29.1,84.4,15.2,59.4,0,0,0,0,10.0,6.0,25.9,41.8,0.0
1740452400,2025-02-25 00:00,29.2,84.6,0,Clear ,14.8,23.8,63,ENE,1007.0,29.75,0.0,0.0,0.0,44,10,29.7,85.4,29.2,84.6,29.7,85.4,15.9,60.6,0,0,0,0,10.0,6.0,24.4,39.3,0.0
1740456000,2025-02-25 01:00,28.1,82.6,0,Patchy rain nearby,12.5,20.2,63,ENE,1007.0,29.74,0.0,0.0,0.0,49,34,28.7,83.7,28.0,82.4,28.7,83.7,16.3,61.3,0,21,0,0,10.0,6.0,21.9,35.3,0.0
1740459600,2025-02-25 02:00,26.9,80.4,0,Clear ,10.3,16.6,63,ENE,1007.0,29.73,0.1,0.0,0.0,54,59,27.8,82.0,26.9,80.4,27.8,82.0,16.7,62.1,1,100,0,0,10.0,6.0,19.5,31.3,0.0
1740463200,2025-02-25 03:00,25.7,78.2,0,Patchy rain nearby,8.1,13.0,63,ENE,1006.0,29.72,0.12,0.0,0.0,59,83,26.8,80.3,25.7,78.2,26.8,80.3,17.2,62.9,1,100,0,0,10.0,6.0,16.9,27.2,0.0
1740466800,2025-02-25 04:00,24.4,75.9,0,Patchy rain nearby,7.2,11.5,80,E,1007.0,29.74,0.2,0.01,0.0,69,83,26.0,78.8,24.4,75.9,26.0,78.8,18.0,64.4,1,100,0,0,9.7,6.0,15.2,24.5,0.0
1740470400,2025-02-25 05:00,23.1,73.6,0,Patchy rain nearby,6.5,10.4,97,E,1008.0,29.76,0.3,0.01,0.0,78,83,25.2,77.4,23.1,73.6,25.2,77.4,18.8,65.8,1,100,0,0,9.3,5.0,13.4,21.6,0.0
1740474000,2025-02-25 06:00,21.8,71.2,0,Patchy rain nearby,5.6,9.0,115,ESE,1009.0,29.79,0.42,0.02,0.0,88,83,21.8,71.2,21.8,71.2,24.4,75.9,19.7,67.4,1,100,0,0,9.0,5.0,11.7,18.9,0.0
1740477600,2025-02-25 07:00,22.3,72.1,1,Patchy rain nearby,5.4,8.6,124,SE,1010.0,29.82,0.3,0.01,0.0,88,76,24.8,76.6,22.3,72.1,24.8,76.6,20.2,68.4,1,100,0,0,9.3,5.0,10.3,16.6,8.0
1740481200,2025-02-25 08:00,22.9,73.2,1,Patchy rain nearby,5.1,8.3,134,SE,1011.0,29.86,0.2,0.01,0.0,87,69,25.2,77.4,22.9,73.2,25.2,77.4,20.6,69.1,1,100,0,0,9.7,6.0,8.9,14.4,8.0
1740484800,2025-02-25 09:00,23.5,74.3,1,Patchy rain nearby,4.9,7.9,143,SE,1012.0,29.89,0.12,0.0,0.0,86,61,25.6,78.1,23.5,74.3,25.6,78.1,21.1,70.0,1,100,0,0,10.0,6.0,7.5,12.1,8.0
1740488400,2025-02-25 10:00,24.6,76.3,1,Patchy rain nearby,8.1,13.0,126,SE,1011.0,29.86,0.1,0.0,0.0,82,67,26.8,80.2,24.6,76.3,26.8,80.2,21.2,70.2,1,100,0,0,9.7,6.0,11.4,18.4,8.0
1740492000,2025-02-25 11:00,25.7,78.3,1,Patchy rain nearby,11.4,18.4,109,ESE,1010.0,29.84,0.2,0.01,0.0,78,73,27.9,82.2,25.7,78.3,27.9,82.2,21.4,70.5,1,100,0,0,9.3,5.0,15.2,24.5,9.0
1740495600,2025-02-25 12:00,26.7,80.1,1,Patchy rain nearby,14.5,23.4,91,E,1010.0,29.81,0.17,0.01,0.0,73,78,29.1,84.3,26.7,80.1,29.1,84.3,21.5,70.7,1,100,0,0,9.0,5.0,19.1,30.8,9.0
1740499200,2025-02-25 13:00,29.1,84.4,1,Patchy rain nearby,13.9,22.3,87,E,1009.0,29.8,0.1,0.0,0.0,61,77,31.1,88.0,29.2,84.6,31.1,88.0,20.0,68.0,1,100,0,0,9.3,5.0,18.6,29.9,9.0
1740502800,2025-02-25 14:00,31.6,88.9,1,Patchy rain nearby,13.4,21.6,83,E,1009.0,29.79,0.1,0.0,0.0,48,77,33.2,91.8,31.6,88.9,33.2,91.8,18.4,65.1,1,100,0,0,9.7,6.0,17.9,28.8,10.0
1740506400,2025-02-25 15:00,34.0,93.2,1,Patchy rain nearby,12.8,20.5,79,E,1009.0,29.78,0.01,0.0,0.0,36,76,35.2,95.3,34.0,93.2,35.2,95.3,16.9,62.3,1,79,0,0,10.0,6.0,17.2,27.8,10.0
1740510000,2025-02-25 16:00,33.8,92.8,1,Patchy rain nearby,12.5,20.2,77,ENE,1008.0,29.76,0.0,0.0,0.0,35,77,34.6,94.3,33.8,92.8,34.6,94.3,16.1,61.0,1,76,0,0,10.0,6.0,16.8,27.0,10.0
1740513600,2025-02-25 17:00,33.5,92.3,1,Patchy rain nearby,12.5,20.2,74,ENE,1007.0,29.75,0.0,0.0,0.0,33,77,33.9,93.0,33.5,92.3,33.9,93.0,15.2,59.4,1,73,0,0,10.0,6.0,16.1,25.9,10.0
1740517200,2025-02-25 18:00,33.3,91.9,1,Patchy rain nearby,12.3,19.8,72,ENE,1007.0,29.73,0.01,0.0,0.0,32,78,33.3,91.9,33.3,91.9,33.3,91.9,14.4,58.0,0,70,0,0,10.0,6.0,15.5,25.0,10.0
1740520800,2025-02-25 19:00,30.0,86.0,1,Patchy rain nearby,11.0,17.6,103,ESE,1008.0,29.77,0.1,0.0,0.0,48,80,30.6,87.1,30.0,86.0,30.6,87.1,16.2,61.2,1,100,0,0,9.7,6.0,16.1,25.9,10.0
1740524400,2025-02-25 20:00,26.6,79.9,0,Patchy rain nearby,9.6,15.5,134,SE,1009.0,29.8,0.2,0.01,0.0,65,83,28.0,82.4,26.6,79.9,28.0,82.4,18.0,64.4,1,100,0,0,9.3,5.0,16.8,27.0,0.0
1740528000,2025-02-25 21:00,23.3,73.9,0,Patchy rain nearby,8.3,13.3,166,SSE,1011.0,29.84,0.36,0.01,0.0,81,85,25.3,77.5,23.3,73.9,25.3,77.5,19.8,67.6,1,100,0,0,9.0,5.0,17.4,28.0,0.0
1740531600,2025-02-25 22:00,23.2,73.8,0,Patchy rain nearby,9.2,14.8,156,SSE,1011.0,29.85,0.3,0.01,0.0,84,82,25.3,77.5,23.2,73.8,25.3,77.5,20.3,68.5,1,100,0,0,9.3,5.0,18.8,30.2,0.0
1740535200,2025-02-25 23:00,23.1,73.6,0,Patchy rain nearby,10.3,16.6,145,SE,1011.0,29.85,0.2,0.01,0.0,88,79,25.3,77.5,23.1,73.6,25.3,77.5,20.9,69.6,1,100,0,0,9.7,6.0,20.1,32.4,0.0
1740538800,2025-02-26 00:00,23.0,73.3,0,Patchy rain nearby,11.2,18.0,135,SE,1011.0,29.85,0.07,0.0,0.0,91,76,25.3,77.5,23.0,73.3,25.3,77.5,21.4,70.6,1,100,0,0,10.0,6.0,21.5,34.5,0.0
1740542400,2025-02-26 01:00,21.1,70.0,0,Moderate or heavy rain shower,14.8,23.8,142,SE,1012.0,29.88,1.2,0.05,0.0,93,84,21.1,70.0,21.1,70.0,22.7,72.9,19.9,67.8,1,100,0,0,9.0,5.0,25.5,41.0,0.0
1740546000,2025-02-26 02:00,19.3,66.7,0,Patchy rain nearby,18.3,29.5,149,SSE,1013.0,29.9,2.3,0.09,0.0,94,92,19.3,66.7,19.3,66.7,20.1,68.2,18.4,65.1,1,100,0,0,8.0,4.0,29.5,47.5,0.0
1740549600,2025-02-26 03:00,17.5,63.5,0,Moderate or heavy rain shower,21.9,35.3,156,SSE,1013.0,29.93,3.43,0.13,0.0,96,100,17.5,63.4,17.5,63.4,17.5,63.4,16.8,62.3,1,100,0,0,7.0,4.0,33.6,54.1,0.0
1740553200,2025-02-26 04:00,16.6,61.9,0,Moderate rain,21.0,33.8,151,SSE,1014.0,29.96,3.8,0.15,0.0,96,97,15.9,60.6,15.9,60.6,16.6,61.9,15.9,60.6,1,100,0,0,7.0,4.0,31.5,50.8,0.0
1740556800,2025-02-26 05:00,15.7,60.3,0,Moderate or heavy rain shower,19.9,32.0,145,SE,1015.0,29.98,4.2,0.17,0.0,96,93,14.4,57.9,14.4,57.9,15.7,60.3,15.0,59.0,1,100,0,0,7.0,4.0,29.8,47.9,0.0
1740560400,2025-02-26 06:00,14.9,58.8,0,Moderate rain,19.0,30.6,140,SE,1016.0,30.01,4.63,0.18,0.0,95,90,12.9,55.2,12.9,55.2,14.9,58.7,14.1,57.4,1,100,0,0,7.0,4.0,27.7,44.6,0.0
1740564000,2025-02-26 07:00,15.1,59.2,1,Patchy rain nearby,18.3,29.5,135,SE,1017.0,30.03,3.1,0.12,0.0,95,85,13.8,56.8,13.8,56.8,15.1,59.2,14.3,57.7,1,100,0,0,8.0,4.0,26.6,42.8,7.0
1740567600,2025-02-26 08:00,15.4,59.7,1,Moderate rain,17.7,28.4,129,SE,1017.0,30.04,1.5,0.06,0.0,95,81,14.7,58.5,14.7,58.5,15.4,59.7,14.5,58.1,1,100,0,0,9.0,5.0,25.7,41.4,7.0
1740571200,2025-02-26 09:00,15.6,60.1,1,Patchy rain nearby,17.0,27.4,123,ESE,1018.0,30.06,0.01,0.0,0.0,95,76,15.6,60.1,15.6,60.1,15.6,60.1,14.8,58.6,0,66,0,0,10.0,6.0,24.6,39.6,7.0
1740574800,2025-02-26 10:00,17.6,63.7,1,Cloudy ,17.0,27.4,123,ESE,1018.0,30.07,0.0,0.0,0.0,84,75,17.6,63.7,17.6,63.7,18.6,65.5,14.6,58.3,0,44,0,0,10.0,6.0,22.8,36.7,7.0
1740578400,2025-02-26 11:00,19.6,67.3,1,Patchy rain nearby,16.8,27.0,122,ESE,1019.0,30.08,0.0,0.0,0.0,74,74,19.6,67.3,19.6,67.3,21.5,70.7,14.4,57.9,0,22,0,0,10.0,6.0,21.0,33.8,7.0
1740582000,2025-02-26 12:00,21.6,70.8,1,Cloudy ,16.8,27.0,121,ESE,1019.0,30.09,0.0,0.0,0.0,63,72,21.6,70.8,21.6,70.8,24.5,76.1,14.3,57.7,0,0,0,0,10.0,6.0,19.3,31.1,8.0
1740585600,2025-02-26 13:00,22.2,72.0,1,Sunny,16.3,26.3,117,ESE,1019.0,30.09,0.0,0.0,0.0,59,55,24.6,76.3,22.2,72.0,24.6,76.3,13.8,56.8,0,0,0,0,10.0,6.0,18.8,30.2,9.0
1740589200,2025-02-26 14:00,22.8,73.0,1,Cloudy ,15.9,25.6,113,ESE,1019.0,30.09,0.0,0.0,0.0,55,38,24.8,76.6,22.8,73.0,24.8,76.6,13.3,55.9,0,0,0,0,10.0,6.0,18.3,29.5,8.0
1740592800,2025-02-26 15:00,23.4,74.0,1,Sunny,15.4,24.8,109,ESE,1019.0,30.08,0.0,0.0,0.0,51,21,24.9,76.9,23.4,74.0,24.9,76.9,12.8,55.1,0,0,0,0,10.0,6.0,17.8,28.6,9.0
1740596400,2025-02-26 16:00,22.3,72.1,1,Sunny,15.0,24.1,112,ESE,1019.0,30.08,0.0,0.0,0.0,53,17,23.3,73.9,22.3,72.1,23.3,73.9,12.4,54.3,0,0,0,0,10.0,6.0,19.0,30.6,9.0
1740600000,2025-02-26 17:00,21.2,70.2,1,Sunny,14.8,23.8,116,ESE,1019.0,30.08,0.0,0.0,0.0,55,13,21.2,70.2,21.2,70.2,21.7,71.1,11.9,53.4,0,0,0,0,10.0,6.0,20.1,32.4,9.0
1740603600,2025-02-26 18:00,20.1,68.2,1,Sunny,14.3,23.0,119,ESE,1019.0,30.08,0.0,0.0,0.0,57,9,20.1,68.2,20.1,68.2,20.1,68.2,11.5,52.6,0,0,0,0,10.0,6.0,21.3,34.3,9.0
1740607200,2025-02-26 19:00,19.0,66.2,1,Sunny,14.3,23.0,121,ESE,1019.0,30.09,0.0,0.0,0.0,60,9,19.0,66.2,19.0,66.2,19.0,66.2,11.1,52.0,0,0,0,0,10.0,6.0,21.5,34.6,8.0
1740610800,2025-02-26 20:00,17.9,64.2,0,Clear ,14.1,22.7,122,ESE,1019.0,30.1,0.0,0.0,0.0,63,9,17.9,64.2,17.9,64.2,17.9,64.2,10.7,51.3,0,0,0,0,10.0,6.0,21.5,34.6,0.0
1740614400,2025-02-26 21:00,16.8,62.2,0,Clear ,14.1,22.7,123,ESE,1020.0,30.11,0.0,0.0,0.0,65,9,16.8,62.2,16.8,62.2,16.8,62.2,10.3,50.5,0,0,0,0,10.0,6.0,21.5,34.5,0.0
1740618000,2025-02-26 22:00,16.5,61.7,0,Partly Cloudy ,13.4,21.6,119,ESE,1020.0,30.12,0.0,0.0,0.0,65,16,16.5,61.7,16.5,61.7,16.5,61.7,10.0,50.0,0,0,0,0,10.0,6.0,20.4,32.8,0.0
1740621600,2025-02-26 23:00,16.3,61.3,0,Clear ,12.8,20.5,114,ESE,1020.0,30.13,0.0,0.0,0.0,66,22,16.2,61.2,16.2,61.2,16.2,61.2,9.8,49.6,0,0,0,0,10.0,6.0,19.5,31.3,0.0
1740625200,2025-02-27 00:00,16.0,60.8,0,Partly Cloudy ,12.1,19.4,109,ESE,1021.0,30.14,0.0,0.0,0.0,66,29,16.0,60.8,16.0,60.8,16.0,60.8,9.6,49.3,0,0,0,0,10.0,6.0,18.4,29.6,0.0
1740628800,2025-02-27 01:00,15.6,60.1,0,Clear ,10.7,17.3,125,SE,1021.0,30.14,0.0,0.0,0.0,68,24,15.4,59.7,15.4,59.7,15.6,60.1,9.7,49.5,0,0,0,0,10.0,6.0,16.8,27.0,0.0
1740632400,2025-02-27 02:00,15.3,59.5,0,Partly Cloudy ,9.6,15.5,140,SE,1021.0,30.15,0.0,0.0,0.0,70,19,14.8,58.6,14.8,58.6,15.3,59.5,9.8,49.6,0,0,0,0,10.0,6.0,15.0,24.1,0.0
1740636000,2025-02-27 03:00,14.9,58.9,0,Clear ,8.3,13.3,156,SSE,1021.0,30.15,0.0,0.0,0.0,71,13,14.2,57.5,14.2,57.5,14.9,58.9,9.8,49.7,0,0,0,0,10.0,6.0,13.4,21.6,0.0
1740639600,2025-02-27 04:00,15.0,59.0,0,Clear ,8.3,13.3,154,SSE,1021.0,30.15,0.0,0.0,0.0,71,12,14.5,58.1,14.5,58.1,15.0,59.0,9.8,49.6,0,0,0,0,10.0,6.0,13.4,21.6,0.0
1740643200,2025-02-27 05:00,15.0,59.0,0,Clear ,8.3,13.3,151,SSE,1021.0,30.15,0.0,0.0,0.0,71,10,14.8,58.6,14.8,58.6,15.0,59.0,9.7,49.5,0,0,0,0,10.0,6.0,13.2,21.2,0.0
1740646800,2025-02-27 06:00,15.0,59.1,0,Clear ,8.3,13.3,149,SSE,1021.0,30.15,0.0,0.0,0.0,70,9,15.1,59.1,15.1,59.1,15.1,59.1,9.7,49.4,0,0,0,0,10.0,6.0,13.2,21.3,0.0
1740650400,2025-02-27 07:00,15.8,60.4,1,Sunny,9.4,15.1,143,SE,1021.0,30.15,0.0,0.0,0.0,70,8,15.8,60.4,15.8,60.4,15.8,60.4,10.3,50.5,0,0,0,0,10.0,6.0,13.6,22.0,8.0
1740654000,2025-02-27 08:00,16.6,61.9,1,Sunny,10.5,16.9,136,SE,1021.0,30.15,0.0,0.0,0.0,69,7,16.6,61.9,16.6,61.9,16.6,61.9,10.9,51.6,0,0,0,0,10.0,6.0,14.3,23.0,8.0
1740657600,2025-02-27 09:00,17.4,63.4,1,Sunny,11.6,18.7,130,SE,1021.0,30.16,0.0,0.0,0.0,68,7,17.4,63.4,17.4,63.4,17.4,63.4,11.5,52.7,0,0,0,0,10.0,6.0,14.8,23.8,8.0
1740661200,2025-02-27 10:00,19.2,66.6,1,Sunny,11.4,18.4,122,ESE,1021.0,30.14,0.0,0.0,0.0,63,6,19.2,66.6,19.2,66.6,19.9,67.8,11.9,53.4,0,0,0,0,10.0,6.0,14.1,22.7,8.0
1740664800,2025-02-27 11:00,21.0,69.8,1,Sunny,11.2,18.0,114,ESE,1020.0,30.13,0.0,0.0,0.0,58,6,21.0,69.8,21.0,69.8,22.3,72.1,12.3,54.1,0,0,0,0,10.0,6.0,13.4,21.6,9.0
1740668400,2025-02-27 12:00,22.8,73.0,1,Sunny,11.0,17.6,107,ESE,1020.0,30.12,0.0,0.0,0.0,53,5,24.7,76.5,22.8,73.0,24.7,76.5,12.6,54.7,0,0,0,0,10.0,6.0,12.6,20.3,9.0
1740672000,2025-02-27 13:00,23.5,74.3,1,Partly Cloudy ,11.2,18.0,105,ESE,1019.0,30.1,0.0,0.0,0.0,51,15,25.0,77.0,23.5,74.3,25.0,77.0,12.7,54.9,0,0,0,0,10.0,6.0,13.0,20.9,9.0
1740675600,2025-02-27 14:00,24.2,75.6,1,Sunny,11.6,18.7,103,ESE,1019.0,30.08,0.0,0.0,0.0,49,24,25.3,77.5,24.2,75.6,25.3,77.5,12.8,55.0,0,0,0,0,10.0,6.0,13.2,21.2,9.0
1740679200,2025-02-27 15:00,25.0,76.9,1,Partly Cloudy ,11.9,19.1,101,ESE,1018.0,30.06,0.0,0.0,0.0,47,33,25.7,78.2,25.0,76.9,25.7,78.2,12.8,55.1,0,0,0,0,10.0,6.0,13.6,22.0,9.0
1740682800,2025-02-27 16:00,24.0,75.2,1,Sunny,12.1,19.4,100,E,1018.0,30.05,0.0,0.0,0.0,51,25,25.3,77.5,24.0,75.2,25.3,77.5,13.1,55.6,0,0,0,0,10.0,6.0,15.0,24.1,9.0
1740686400,2025-02-27 17:00,23.0,73.4,1,Partly Cloudy ,12.5,20.2,99,E,1017.0,30.04,0.0,0.0,0.0,55,17,24.9,76.8,23.0,73.4,24.9,76.8,13.4,56.1,0,0,0,0,10.0,6.0,16.6,26.6,9.0
1740690000,2025-02-27 18:00,22.1,71.7,1,Sunny,12.8,20.5,99,E,1017.0,30.03,0.0,0.0,0.0,59,9,24.6,76.2,22.1,71.7,24.6,76.2,13.7,56.6,0,0,0,0,10.0,6.0,18.0,28.9,9.0
1740693600,2025-02-27 19:00,20.6,69.1,1,Sunny,11.6,18.7,101,ESE,1017.0,30.03,0.0,0.0,0.0,64,11,20.6,69.1,20.6,69.1,22.3,72.1,13.5,56.3,0,0,0,0,10.0,6.0,17.7,28.4,9.0
1740697200,2025-02-27 20:00,19.2,66.6,0,Clear ,10.7,17.3,104,ESE,1017.0,30.04,0.0,0.0,0.0,69,13,19.2,66.6,19.2,66.6,20.0,68.0,13.3,55.9,0,0,0,0,10.0,6.0,17.2,27.7,0.0
1740700800,2025-02-27 21:00,17.7,63.9,0,Clear ,9.6,15.5,106,ESE,1018.0,30.05,0.0,0.0,0.0,74,15,17.7,63.9,17.7,63.9,17.7,63.9,13.1,55.6,0,0,0,0,10.0,6.0,17.0,27.3,0.0
1740704400,2025-02-27 22:00,17.4,63.3,0,Partly Cloudy ,8.7,14.0,105,ESE,1018.0,30.05,0.0,0.0,0.0,77,22,17.4,63.3,17.4,63.3,17.4,63.3,13.4,56.1,0,0,0,0,10.0,6.0,15.9,25.6,0.0
1740708000,2025-02-27 23:00,17.1,62.8,0,Clear ,7.6,12.2,103,ESE,1018.0,30.05,0.0,0.0,0.0,80,29,17.1,62.8,17.1,62.8,17.1,62.8,13.7,56.7,0,0,0,0,10.0,6.0,14.8,23.8,0.0
1740711600,2025-02-28 00:00,16.7,62.1,0,Partly Cloudy ,6.7,10.8,102,ESE,1017.0,30.05,0.0,0.0,0.0,84,37,16.7,62.1,16.7,62.1,16.7,62.1,13.9,57.1,0,0,0,0,10.0,6.0,13.6,21.8,0.0
1740715200,2025-02-28 01:00,17.0,62.6,0,Clear ,6.5,10.4,96,E,1017.0,30.04,0.0,0.0,0.0,84,31,17.0,62.6,17.0,62.6,17.0,62.6,14.3,57.7,0,0,0,0,10.0,6.0,13.2,21.2,0.0
1740718800,2025-02-28 02:00,17.2,63.0,0,Partly Cloudy ,6.5,10.4,90,E,1017.0,30.03,0.0,0.0,0.0,85,24,17.2,63.0,17.2,63.0,17.2,63.0,14.6,58.3,0,0,0,0,10.0,6.0,12.8,20.5,0.0
1740722400,2025-02-28 03:00,17.4,63.3,0,Clear ,6.3,10.1,83,E,1017.0,30.02,0.0,0.0,0.0,86,18,17.4,63.3,17.4,63.3,17.4,63.3,15.0,58.9,0,0,0,0,10.0,6.0,12.3,19.8,0.0
1740726000,2025-02-28 04:00,17.1,62.8,0,Clear ,6.3,10.1,85,E,1017.0,30.02,0.0,0.0,0.0,87,17,17.1,62.8,17.1,62.8,17.1,62.8,14.9,58.8,0,0,0,0,10.0,6.0,12.3,19.8,0.0
1740729600,2025-02-28 05:00,16.8,62.2,0,Clear ,6.3,10.1,86,E,1017.0,30.02,0.0,0.0,0.0,88,16,16.8,62.2,16.8,62.2,16.8,62.2,14.8,58.6,0,0,0,0,10.0,6.0,12.5,20.2,0.0
1740733200,2025-02-28 06:00,16.5,61.8,0,Clear ,6.3,10.1,87,E,1016.0,30.01,0.0,0.0,0.0,89,15,16.6,61.8,16.6,61.8,16.6,61.8,14.7,58.4,0,0,0,0,10.0,6.0,12.6,20.3,0.0
1740736800,2025-02-28 07:00,18.0,64.4,1,Cloudy ,6.9,11.2,83,E,1017.0,30.02,0.0,0.0,0.0,83,32,18.0,64.4,18.0,64.4,19.2,66.6,15.0,59.0,0,0,0,0,10.0,6.0,11.9,19.1,7.0
1740740400,2025-02-28 08:00,19.5,67.1,1,Sunny,7.8,12.6,79,E,1017.0,30.03,0.0,0.0,0.0,77,49,19.5,67.1,19.5,67.1,21.8,71.2,15.3,59.5,0,0,0,0,10.0,6.0,11.0,17.6,8.0
1740744000,2025-02-28 09:00,21.0,69.8,1,Cloudy ,8.5,13.7,74,ENE,1017.0,30.05,0.0,0.0,0.0,71,66,21.0,69.8,21.0,69.8,24.4,75.9,15.6,60.1,0,0,0,0,10.0,6.0,10.2,16.5,8.0
1740747600,2025-02-28 10:00,22.5,72.5,1,Cloudy ,8.1,13.0,75,ENE,1017.0,30.03,0.0,0.0,0.0,67,67,25.1,77.2,22.5,72.5,25.1,77.2,15.9,60.6,0,0,0,0,10.0,6.0,9.4,15.1,8.0
1740751200,2025-02-28 11:00,24.0,75.2,1,Cloudy ,7.4,11.9,75,ENE,1017.0,30.03,0.0,0.0,0.0,62,67,25.8,78.4,24.0,75.2,25.8,78.4,16.2,61.2,0,0,0,0,10.0,6.0,8.7,14.0,8.0
1740754800,2025-02-28 12:00,25.4,77.8,1,Cloudy ,6.9,11.2,76,ENE,1016.0,30.01,0.0,0.0,0.0,58,68,26.5,79.7,25.4,77.8,26.5,79.7,16.5,61.6,0,0,0,0,10.0,6.0,8.0,12.9,9.0
1740758400,2025-02-28 13:00,26.3,79.3,1,Partly Cloudy ,6.7,10.8,73,ENE,1016.0,30.0,0.0,0.0,0.0,55,59,27.2,81.0,26.3,79.3,27.2,81.0,16.5,61.7,0,0,0,0,10.0,6.0,7.8,12.6,10.0
1740762000,2025-02-28 14:00,27.1,80.8,1,Cloudy ,6.5,10.4,70,ENE,1015.0,29.98,0.0,0.0,0.0,53,50,28.0,82.4,27.1,80.8,28.0,82.4,16.6,61.9,0,0,0,0,10.0,6.0,7.4,11.9,9.0
1740765600,2025-02-28 15:00,27.9,82.3,1,Partly Cloudy ,6.3,10.1,68,ENE,1015.0,29.96,0.0,0.0,0.0,50,41,28.7,83.6,27.9,82.3,28.7,83.6,16.6,62.0,0,0,0,0,10.0,6.0,7.2,11.6,10.0
1740769200,2025-02-28 16:00,27.5,81.5,1,Sunny,6.9,11.2,65,ENE,1014.0,29.96,0.0,0.0,0.0,52,29,28.3,82.9,27.5,81.5,28.3,82.9,16.7,62.1,0,0,0,0,10.0,6.0,8.5,13.7,10.0
1740772800,2025-02-28 17:00,27.1,80.8,1,Partly Cloudy ,7.4,11.9,62,ENE,1014.0,29.95,0.0,0.0,0.0,53,18,27.9,82.2,27.1,80.8,27.9,82.2,16.8,62.2,0,0,0,0,10.0,6.0,9.8,15.8,10.0
1740776400,2025-02-28 18:00,26.6,79.9,1,Sunny,8.1,13.0,59,ENE,1014.0,29.94,0.0,0.0,0.0,55,7,27.5,81.6,26.6,79.9,27.5,81.6,16.9,62.3,0,0,0,0,10.0,6.0,11.0,17.7,10.0
1740780000,2025-02-28 19:00,24.5,76.1,1,Sunny,8.9,14.4,69,ENE,1014.0,29.95,0.0,0.0,0.0,62,6,25.1,77.2,24.5,76.1,25.1,77.2,16.5,61.7,0,0,0,0,10.0,6.0,13.4,21.6,9.0
1740783600,2025-02-28 20:00,22.3,72.1,0,Clear ,9.6,15.5,78,ENE,1015.0,29.96,0.0,0.0,0.0,69,6,22.6,72.7,22.3,72.1,22.6,72.7,16.2,61.2,0,0,0,0,10.0,6.0,15.7,25.2,0.0
1740787200,2025-02-28 21:00,20.2,68.3,0,Clear ,10.5,16.9,88,E,1015.0,29.98,0.0,0.0,0.0,76,5,20.2,68.3,20.2,68.3,20.2,68.3,15.8,60.4,0,0,0,0,10.0,6.0,18.1,29.1,0.0
1740790800,2025-02-28 22:00,19.7,67.5,0,Clear ,9.6,15.5,83,E,1015.0,29.98,0.0,0.0,0.0,78,5,19.6,67.3,19.6,67.3,19.6,67.3,15.7,60.3,0,0,0,0,10.0,6.0,17.0,27.4,0.0
1740794400,2025-02-28 23:00,19.1,66.4,0,Clear ,8.5,13.7,78,ENE,1015.0,29.98,0.0,0.0,0.0,81,6,19.1,66.4,19.1,66.4,19.1,66.4,15.7,60.3,0,0,0,0,10.0,6.0,15.9,25.6,0.0
1740798000,2025-03-01 00:00,18.6,65.5,0,Clear ,7.6,12.2,73,ENE,1015.0,29.98,0.0,0.0,0.0,83,6,18.6,65.5,18.6,65.5,18.6,65.5,15.6,60.2,0,0,0,0,10.0,6.0,14.7,23.7,0.0
1740801600,2025-03-01 01:00,18.9,66.0,0,Clear ,7.6,12.2,66,ENE,1015.0,29.98,0.0,0.0,0.0,84,6,18.9,66.0,18.9,66.0,18.9,66.0,16.1,61.0,0,0,0,0,10.0,6.0,14.8,23.8,0.0
1740805200,2025-03-01 02:00,19.2,66.6,0,Clear ,7.8,12.6,58,ENE,1015.0,29.98,0.0,0.0,0.0,85,7,19.2,66.6,19.2,66.6,19.2,66.6,16.6,61.9,0,0,0,0,10.0,6.0,14.5,23.4,0.0
1740808800,2025-03-01 03:00,19.5,67.1,0,Clear ,7.8,12.6,51,NE,1015.0,29.98,0.0,0.0,0.0,86,7,19.5,67.1,19.5,67.1,19.5,67.1,17.1,62.8,0,0,0,0,10.0,6.0,14.6,23.4,0.0
1740812400,2025-03-01 04:00,19.3,66.7,0,Clear ,7.4,11.9,54,NE,1015.0,29.98,0.0,0.0,0.0,89,11,19.3,66.7,19.3,66.7,19.3,66.7,17.4,63.3,0,0,0,0,10.0,6.0,14.1,22.7,0.0
1740816000,2025-03-01 05:00,19.1,66.4,0,Clear ,7.2,11.5,57,ENE,1015.0,29.97,0.0,0.0,0.0,91,14,19.1,66.4,19.1,66.4,19.1,66.4,17.6,63.7,0,0,0,0,10.0,6.0,13.4,21.6,0.0
1740819600,2025-03-01 06:00,19.0,66.1,0,Clear ,6.7,10.8,60,ENE,1015.0,29.97,0.0,0.0,0.0,94,18,19.0,66.1,19.0,66.1,19.0,66.1,17.9,64.2,0,0,0,0,10.0,6.0,12.9,20.7,0.0
1740823200,2025-03-01 07:00,20.4,68.7,1,Sunny,7.4,11.9,55,NE,1015.0,29.97,0.0,0.0,0.0,88,13,20.4,68.7,20.4,68.7,21.1,70.0,18.2,64.8,0,0,0,0,10.0,6.0,12.1,19.4,7.0
1740826800,2025-03-01 08:00,21.9,71.4,1,Sunny,8.1,13.0,50,NE,1015.0,29.98,0.0,0.0,0.0,82,9,21.9,71.4,21.9,71.4,23.2,73.8,18.5,65.3,0,0,0,0,10.0,6.0,11.2,18.0,7.0
1740830400,2025-03-01 09:00,23.3,74.0,1,Sunny,8.7,14.0,46,NE,1015.0,29.99,0.0,0.0,0.0,75,5,25.3,77.5,23.4,74.0,25.3,77.5,18.8,65.8,0,0,0,0,10.0,6.0,10.4,16.8,7.0
1740834000,2025-03-01 10:00,24.8,76.6,1,Sunny,9.8,15.8,44,NE,1015.0,29.98,0.0,0.0,0.0,69,7,26.5,79.7,24.8,76.6,26.5,79.7,18.6,65.5,0,0,0,0,10.0,6.0,11.6,18.7,7.0
1740837600,2025-03-01 11:00,26.2,79.2,1,Sunny,11.0,17.6,42,NE,1015.0,29.98,0.0,0.0,0.0,63,9,27.7,81.9,26.2,79.2,27.7,81.9,18.4,65.1,0,0,0,0,10.0,6.0,12.8,20.5,8.0
1740841200,2025-03-01 12:00,27.6,81.8,1,Sunny,12.1,19.4,40,NE,1015.0,29.97,0.0,0.0,0.0,56,12,28.9,84.0,27.7,81.8,28.9,84.0,18.2,64.7,0,0,0,0,10.0,6.0,13.9,22.4,8.0
1740844800,2025-03-01 13:00,28.1,82.6,1,Patchy rain nearby,11.9,19.1,35,NE,1014.0,29.95,0.2,0.01,0.0,55,35,29.3,84.7,28.1,82.6,29.3,84.7,18.1,64.6,1,100,0,0,9.7,6.0,13.6,22.0,7.0
1740848400,2025-03-01 14:00,28.5,83.3,1,Sunny,11.6,18.7,30,NNE,1014.0,29.93,0.4,0.02,0.0,53,58,29.7,85.5,28.5,83.3,29.7,85.5,18.0,64.4,1,100,0,0,9.3,5.0,13.4,21.6,8.0
1740852000,2025-03-01 15:00,29.0,84.2,1,Patchy rain nearby,11.4,18.4,25,NNE,1013.0,29.91,0.63,0.02,0.0,51,81,30.2,86.3,29.0,84.2,30.2,86.3,17.9,64.2,1,100,0,0,9.0,5.0,13.1,21.1,7.0
1740855600,2025-03-01 16:00,27.7,81.9,1,Partly Cloudy ,10.1,16.2,31,NNE,1013.0,29.9,0.4,0.02,0.0,59,66,29.1,84.4,27.7,81.9,29.1,84.4,18.7,65.7,1,100,0,0,9.3,5.0,12.1,19.4,8.0
1740859200,2025-03-01 17:00,26.5,79.7,1,Patchy rain nearby,8.7,14.0,37,NE,1012.0,29.9,0.2,0.01,0.0,67,52,28.1,82.6,26.5,79.7,28.1,82.6,19.5,67.1,1,100,0,0,9.7,6.0,11.2,18.0,7.0
1740862800,2025-03-01 18:00,25.2,77.4,1,Partly Cloudy ,7.4,11.9,43,NE,1012.0,29.89,0.0,0.0,0.0,74,37,27.1,80.7,25.2,77.4,27.1,80.7,20.3,68.6,0,0,0,0,10.0,6.0,10.2,16.5,8.0
1740866400,2025-03-01 19:00,24.0,75.2,1,Partly Cloudy ,7.8,12.6,59,ENE,1012.0,29.88,0.0,0.0,0.0,78,43,26.2,79.2,24.0,75.2,26.2,79.2,19.9,67.8,0,0,0,0,10.0,6.0,12.1,19.4,7.0
1740870000,2025-03-01 20:00,22.8,73.0,0,Partly Cloudy ,8.1,13.0,76,ENE,1012.0,29.88,0.0,0.0,0.0,81,50,25.3,77.5,22.8,73.0,25.3,77.5,19.4,66.9,0,0,0,0,10.0,6.0,13.9,22.3,0.0
1740873600,2025-03-01 21:00,21.6,70.9,0,Partly Cloudy ,8.5,13.7,92,E,1012.0,29.87,0.0,0.0,0.0,85,56,21.6,70.9,21.6,70.9,24.4,75.8,19.0,66.1,0,0,0,0,10.0,6.0,15.7,25.2,0.0
1740877200,2025-03-01 22:00,21.7,71.1,0,Patchy light drizzle,7.6,12.2,85,E,1011.0,29.87,0.1,0.0,0.0,85,54,21.7,71.1,21.7,71.1,24.4,75.9,19.1,66.4,1,100,0,0,8.3,5.0,14.5,23.4,0.0
1740880800,2025-03-01 23:00,21.8,71.2,0,Partly Cloudy ,6.7,10.8,78,ENE,1011.0,29.86,0.2,0.01,0.0,85,52,21.8,71.2,21.8,71.2,24.4,75.9,19.1,66.4,1,100,0,0,6.7,4.0,13.4,21.6,0.0
1740884400,2025-03-02 00:00,21.9,71.4,0,Patchy light drizzle,5.8,9.4,71,ENE,1011.0,29.86,0.32,0.01,0.0,85,50,21.9,71.4,21.9,71.4,24.5,76.0,19.2,66.6,1,100,0,0,5.0,3.0,12.2,19.7,0.0
1740888000,2025-03-02 01:00,21.9,71.4,0,Light rain shower,7.6,12.2,52,NE,1011.0,29.86,0.7,0.03,0.0,88,52,21.9,71.4,21.9,71.4,24.5,76.1,19.8,67.6,1,100,0,0,6.7,4.0,14.5,23.4,0.0
1740891600,2025-03-02 02:00,21.9,71.4,0,Patchy light drizzle,9.6,15.5,34,NE,1011.0,29.86,1.1,0.04,0.0,91,54,21.9,71.4,21.9,71.4,24.5,76.1,20.3,68.5,1,100,0,0,8.3,5.0,17.0,27.4,0.0
1740895200,2025-03-02 03:00,21.9,71.5,0,Light rain shower,11.4,18.4,15,NNE,1011.0,29.86,1.47,0.06,0.0,94,56,21.9,71.5,21.9,71.5,24.5,76.1,20.9,69.5,1,100,0,0,10.0,6.0,19.5,31.4,0.0
1740898800,2025-03-02 04:00,21.9,71.4,0,Patchy rain nearby,11.4,18.4,11,NNE,1011.0,29.86,1.0,0.04,0.0,94,71,21.9,71.4,21.9,71.4,24.5,76.1,20.9,69.6,1,100,0,0,10.0,6.0,19.0,30.6,0.0
1740902400,2025-03-02 05:00,21.9,71.4,0,Light rain shower,11.4,18.4,7,N,1012.0,29.87,0.6,0.02,0.0,95,85,21.9,71.4,21.9,71.4,24.5,76.1,21.0,69.8,1,100,0,0,10.0,6.0,18.6,29.9,0.0
1740906000,2025-03-02 06:00,21.9,71.3,0,Patchy rain nearby,11.4,18.4,3,N,1012.0,29.88,0.1,0.0,0.0,95,100,21.9,71.3,21.9,71.3,24.5,76.1,21.0,69.9,1,100,0,0,10.0,6.0,18.0,28.9,0.0
1740909600,2025-03-02 07:00,22.3,72.1,1,Patchy rain nearby,11.4,18.4,115,ESE,1012.0,29.88,0.1,0.0,0.0,94,98,24.8,76.6,22.3,72.1,24.8,76.6,21.3,70.3,1,100,0,0,10.0,6.0,17.9,28.8,6.0
1740913200,2025-03-02 08:00,22.8,73.0,1,Patchy rain nearby,11.4,18.4,228,SW,1012.0,29.89,0.0,0.0,0.0,93,95,25.2,77.4,22.8,73.0,25.2,77.4,21.5,70.7,0,68,0,0,10.0,6.0,17.9,28.8,6.0
1740916800,2025-03-02 09:00,23.2,73.8,1,Patchy rain nearby,11.4,18.4,340,NNW,1013.0,29.9,0.01,0.0,0.0,91,93,25.5,77.9,23.2,73.8,25.5,77.9,21.7,71.1,0,65,0,0,10.0,6.0,17.8,28.7,6.0
1740920400,2025-03-02 10:00,24.4,75.9,1,Patchy rain nearby,11.0,17.6,336,NNW,1012.0,29.89,0.0,0.0,0.0,85,86,26.6,79.9,24.4,75.9,26.6,79.9,21.5,70.7,0,65,0,0,10.0,6.0,15.7,25.2,6.0
1740924000,2025-03-02 11:00,25.5,77.9,1,Patchy rain nearby,10.5,16.9,333,NNW,1012.0,29.88,0.0,0.0,0.0,78,79,27.8,82.0,25.5,77.9,27.8,82.0,21.3,70.3,0,64,0,0,10.0,6.0,13.6,22.0,7.0
1740927600,2025-03-02 12:00,26.7,80.0,1,Patchy rain nearby,10.1,16.2,330,NNW,1012.0,29.88,0.02,0.0,0.0,72,73,28.9,84.0,26.7,80.0,28.9,84.0,21.2,70.1,0,64,0,0,10.0,6.0,11.6,18.6,7.0
1740931200,2025-03-02 13:00,27.3,81.1,1,Patchy rain nearby,9.2,14.8,316,NW,1011.0,29.86,0.1,0.0,0.0,70,72,29.8,85.6,27.3,81.1,29.8,85.6,21.4,70.5,1,100,0,0,10.0,6.0,11.2,18.0,7.0
1740934800,2025-03-02 14:00,27.9,82.2,1,Patchy rain nearby,8.1,13.0,303,WNW,1010.0,29.84,0.1,0.0,0.0,69,72,30.7,87.3,27.9,82.2,30.7,87.3,21.7,71.1,1,100,0,0,10.0,6.0,10.7,17.3,7.0
1740938400,2025-03-02 15:00,28.5,83.4,1,Patchy rain nearby,7.2,11.5,289,WNW,1010.0,29.82,0.11,0.0,0.0,67,71,31.5,88.8,28.5,83.4,31.5,88.8,21.9,71.5,1,100,0,0,10.0,6.0,10.2,16.4,7.0
1740942000,2025-03-02 16:00,28.5,83.3,1,Patchy rain nearby,6.0,9.7,291,WNW,1010.0,29.82,0.1,0.0,0.0,67,68,31.4,88.5,28.5,83.3,31.4,88.5,21.8,71.2,1,100,0,0,10.0,6.0,8.5,13.7,7.0
1740945600,2025-03-02 17:00,28.4,83.1,1,Patchy rain nearby,4.9,7.9,292,WNW,1010.0,29.81,0.1,0.0,0.0,67,66,31.3,88.3,28.5,83.3,31.3,88.3,21.7,71.1,1,100,0,0,10.0,6.0,6.7,10.8,7.0
1740949200,2025-03-02 18:00,28.4,83.1,1,Patchy rain nearby,3.8,6.1,294,WNW,1010.0,29.81,0.04,0.0,0.0,66,63,31.2,88.1,28.4,83.1,31.2,88.1,21.5,70.8,1,80,0,0,10.0,6.0,5.1,8.2,7.0
1740952800,2025-03-02 19:00,27.0,80.6,1,Sunny,2.7,4.3,214,SW,1010.0,29.81,0.0,0.0,0.0,72,43,29.5,85.1,27.0,80.6,29.5,85.1,21.4,70.5,0,53,0,0,10.0,6.0,3.8,6.1,8.0
1740956400,2025-03-02 20:00,25.6,78.1,0,Patchy rain nearby,1.6,2.5,134,SE,1010.0,29.81,0.0,0.0,0.0,78,23,27.9,82.2,25.6,78.1,27.9,82.2,21.3,70.3,0,27,0,0,10.0,6.0,2.2,3.6,0.0
1740960000,2025-03-02 21:00,24.2,75.6,0,Clear ,0.4,0.7,54,NE,1010.0,29.81,0.0,0.0,0.0,83,2,26.3,79.3,24.2,75.6,26.3,79.3,21.2,70.1,0,0,0,0,10.0,6.0,0.9,1.5,0.0
1740963600,2025-03-02 22:00,23.8,74.8,0,Clear ,2.0,3.2,148,SSE,1010.0,29.82,0.0,0.0,0.0,85,2,25.9,78.6,23.8,74.8,25.9,78.6,21.1,70.0,0,0,0,0,10.0,6.0,4.3,6.8,0.0
1740967200,2025-03-02 23:00,23.4,74.1,0,Clear ,3.6,5.8,241,WSW,1010.0,29.83,0.0,0.0,0.0,87,1,25.6,78.1,23.4,74.1,25.6,78.1,21.1,70.0,0,0,0,0,10.0,6.0,7.6,12.2,0.0
1740970800,2025-03-03 00:00,23.0,73.4,0,Clear ,5.1,8.3,335,NNW,1011.0,29.85,0.0,0.0,0.0,89,0,25.2,77.4,23.0,73.5,25.2,77.4,21.1,70.0,0,0,0,0,10.0,6.0,10.8,17.4,0.0
1740974400,2025-03-03 01:00,22.8,73.0,0,Clear ,4.5,7.2,314,NW,1011.0,29.85,0.0,0.0,0.0,90,1,25.1,77.2,22.8,73.0,25.1,77.2,21.0,69.8,0,0,0,0,10.0,6.0,9.2,14.8,0.0
1740978000,2025-03-03 02:00,22.5,72.5,0,Clear ,3.6,5.8,293,WNW,1011.0,29.85,0.0,0.0,0.0,90,1,24.9,76.8,22.5,72.5,24.9,76.8,20.8,69.4,0,0,0,0,10.0,6.0,7.6,12.2,0.0
1740981600,2025-03-03 03:00,22.2,72.0,0,Clear ,2.9,4.7,273,W,1011.0,29.86,0.0,0.0,0.0,91,2,24.7,76.4,22.3,72.1,24.7,76.4,20.7,69.2,0,0,0,0,10.0,6.0,6.1,9.8,0.0
1740985200,2025-03-03 04:00,21.9,71.4,0,Mist,3.1,5.0,243,WSW,1012.0,29.87,0.0,0.0,0.0,92,8,21.9,71.4,21.9,71.4,24.5,76.1,20.6,69.1,0,0,0,0,7.3,4.0,6.5,10.4,0.0
1740988800,2025-03-03 05:00,21.5,70.7,0,Clear ,3.6,5.8,214,SW,1012.0,29.88,0.0,0.0,0.0,93,14,21.5,70.7,21.5,70.7,24.3,75.7,20.4,68.7,0,0,0,0,4.7,2.0,6.9,11.2,0.0
1740992400,2025-03-03 06:00,21.2,70.1,0,Mist,3.8,6.1,185,S,1012.0,29.9,0.0,0.0,0.0,95,20,21.2,70.1,21.2,70.1,24.2,75.5,20.3,68.5,0,0,0,0,2.0,1.0,7.5,12.1,0.0
1740996000,2025-03-03 07:00,22.1,71.8,1,Sunny,4.0,6.5,173,S,1013.0,29.91,0.0,0.0,0.0,89,14,24.8,76.6,22.1,71.8,24.8,76.6,20.2,68.4,0,0,0,0,4.7,2.0,6.9,11.2,7.0
1740999600,2025-03-03 08:00,23.1,73.6,1,Mist,4.3,6.8,160,SSE,1013.0,29.92,0.0,0.0,0.0,83,8,25.3,77.5,23.1,73.6,25.3,77.5,20.0,68.0,0,0,0,0,7.3,4.0,6.3,10.1,6.0
1741003200,2025-03-03 09:00,24.1,75.3,1,Sunny,4.5,7.2,148,SSE,1014.0,29.93,0.0,0.0,0.0,77,2,25.9,78.7,24.1,75.3,25.9,78.7,19.9,67.7,0,0,0,0,10.0,6.0,5.6,9.0,7.0
1741006800,2025-03-03 10:00,25.8,78.4,1,Sunny,5.1,8.3,147,SSE,1014.0,29.93,0.0,0.0,0.0,68,1,27.3,81.1,25.8,78.4,27.3,81.1,18.9,66.0,0,0,0,0,10.0,6.0,6.3,10.1,8.0
1741010400,2025-03-03 11:00,27.5,81.5,1,Sunny,5.8,9.4,146,SSE,1014.0,29.94,0.0,0.0,0.0,58,1,28.7,83.7,27.5,81.5,28.7,83.7,18.0,64.4,0,0,0,0,10.0,6.0,6.9,11.2,8.0
1741014000,2025-03-03 12:00,29.2,84.6,1,Sunny,6.5,10.4,145,SE,1014.0,29.94,0.0,0.0,0.0,48,0,30.1,86.1,29.2,84.6,30.1,86.1,17.1,62.8,0,0,0,0,10.0,6.0,7.5,12.0,8.0
1741017600,2025-03-03 13:00,30.1,86.2,1,Sunny,6.7,10.8,135,SE,1014.0,29.93,0.0,0.0,0.0,42,0,30.4,86.7,30.1,86.2,30.4,86.7,15.3,59.5,0,0,0,0,10.0,6.0,7.8,12.6,9.0
1741021200,2025-03-03 14:00,31.0,87.8,1,Sunny,6.9,11.2,125,SE,1013.0,29.91,0.0,0.0,0.0,35,0,30.7,87.3,31.0,87.8,30.7,87.3,13.4,56.1,0,0,0,0,10.0,6.0,8.1,13.0,9.0
1741024800,2025-03-03 15:00,32.0,89.5,1,Sunny,7.2,11.5,116,ESE,1013.0,29.9,0.0,0.0,0.0,29,0,31.0,87.7,32.0,89.5,31.0,87.7,11.5,52.8,0,0,0,0,10.0,6.0,8.2,13.2,9.0
1741028400,2025-03-03 16:00,30.9,87.6,1,Sunny,8.3,13.3,99,E,1012.0,29.89,0.0,0.0,0.0,34,0,30.3,86.5,30.9,87.6,30.3,86.5,12.8,55.0,0,0,0,0,10.0,6.0,10.7,17.3,9.0
1741032000,2025-03-03 17:00,29.8,85.6,1,Sunny,9.2,14.8,82,E,1012.0,29.89,0.0,0.0,0.0,39,0,29.6,85.3,29.8,85.6,29.6,85.3,14.0,57.2,0,0,0,0,10.0,6.0,13.2,21.2,8.0
1741035600,2025-03-03 18:00,28.7,83.6,1,Sunny,10.3,16.6,66,ENE,1012.0,29.88,0.0,0.0,0.0,44,0,29.0,84.2,28.7,83.6,29.0,84.2,15.3,59.5,0,0,0,0,10.0,6.0,15.6,25.1,8.0
1741039200,2025-03-03 19:00,26.0,78.8,1,Sunny,9.6,15.5,69,ENE,1012.0,29.89,0.0,0.0,0.0,49,0,26.2,79.2,26.0,78.8,26.2,79.2,14.3,57.7,0,0,0,0,10.0,6.0,16.3,26.3,8.0
1741042800,2025-03-03 20:00,23.2,73.8,0,Clear ,9.2,14.8,72,ENE,1013.0,29.91,0.0,0.0,0.0,54,0,23.3,73.9,23.2,73.8,23.3,73.9,13.3,55.9,0,0,0,0,10.0,6.0,17.0,27.4,0.0
1741046400,2025-03-03 21:00,20.5,68.9,0,Clear ,8.5,13.7,75,ENE,1013.0,29.92,0.0,0.0,0.0,59,0,20.5,68.9,20.5,68.9,20.5,68.9,12.3,54.1,0,0,0,0,10.0,6.0,17.9,28.7,0.0
1741050000,2025-03-03 22:00,19.9,67.8,0,Clear ,8.5,13.7,81,E,1013.0,29.92,0.0,0.0,0.0,65,1,20.0,68.0,20.0,68.0,20.0,68.0,13.1,55.6,0,0,0,0,10.0,6.0,17.9,28.8,0.0
1741053600,2025-03-03 23:00,19.4,66.9,0,Clear ,8.5,13.7,88,E,1013.0,29.93,0.0,0.0,0.0,72,1,19.4,66.9,19.4,66.9,19.4,66.9,14.0,57.2,0,0,0,0,10.0,6.0,17.9,28.8,0.0
